"stockid","stocklong","assessid","assessor_id","assess_method","country","region","area","family","species","comm_name"
"ACADREDGOMGB","Acadian redfish Gulf of Maine / Georges Bank","NEFSC-ACADREDGOMGB-1913-2014-SISIMP2016","NEFSC","ASAP","USA","US East Coast","Gulf of Maine / Georges Bank","Sebastidae","Sebastes fasciatus","Acadian redfish"
"ALPLAICBSAI","Alaska plaice Bering Sea and Aleutian Islands","AFSC-ALPLAICBSAI-1975-2015-SISIMP2016","AFSC","Unknown","USA","US Alaska","Bering Sea and Aleutian Islands","Pleuronectidae","Pleuronectes quadrituberculatus","Alaska plaice"
"ALSKABSAI","Alaska skate Bering Sea and Aleutian Islands","AFSC-ALSKABSAI-1950-2015-SISIMP2016","AFSC","SS3","USA","US Alaska","Bering Sea and Aleutian Islands","Arhynchobatidae","Bathyraja parmifera","Alaska skate"
"AMPL5YZ","American plaice Gulf of Maine / Georges Bank","NEFSC-AMPL5YZ-1980-2014-SISIMP2016","NEFSC","VPA","USA","US East Coast","Gulf of Maine / Georges Bank","Pleuronectidae","Hippoglossoides platessoides","American plaice"
"ARFLOUNDBSAI","Arrowtooth flounder Bering Sea and Aleutian Islands","AFSC-ARFLOUNDBSAI-1976-2015-SISIMP2016","AFSC","Unknown","USA","US Alaska","Bering Sea and Aleutian Islands","Pleuronectidae","Atheresthes stomias","Arrowtooth flounder"
"ARFLOUNDGA","Arrowtooth flounder Gulf of Alaska","AFSC-ARFLOUNDGA-1961-2015-SISIMP2016","AFSC","Unknown","USA","US Alaska","Gulf of Alaska","Pleuronectidae","Atheresthes stomias","Arrowtooth flounder"
"ARFLOUNDPCOAST","Arrowtooth flounder Pacific Coast","NWFSC-ARFLOUNDPCOAST-1914-2015-SISIMP2016","NWFSC","SS2","USA","US West Coast","Pacific Coast","Pleuronectidae","Atheresthes stomias","Arrowtooth flounder"
"ATHAL5YZ","Atlantic halibut Gulf of Maine / Georges Bank","NEFSC-ATHAL5YZ-1800-2007-COL","NEFSC","Unknown","USA","US East Coast","Gulf of Maine / Georges Bank","Pleuronectidae","Hippoglossus hippoglossus","Atlantic halibut"
"ATKABSAI","Atka mackerel Bering Sea and Aleutian Islands","AFSC-ATKABSAI-1977-2015-SISIMP2016","AFSC","Unknown","USA","US Alaska","Bering Sea and Aleutian Islands","Hexagrammidae","Pleurogrammus monopterygius","Atka mackerel"
"ATKAGA","Atka mackerel Gulf of Alaska","AFSC-ATKAGA-1977-2014-SISIMP2016","AFSC","Unknown","USA","US Alaska","Gulf of Alaska","Hexagrammidae","Pleurogrammus monopterygius","Atka mackerel"
"ATLCROAKMATLC","Atlantic croaker Mid-Atlantic Coast","ASMFC-ATLCROAKMATLC-1973-2002-STANTON","ASMFC","AD-CAM","USA","US East Coast","Mid-Atlantic Coast","Sciaenidae","Micropogonias undulatus","Atlantic croaker"
"AUROCKPCOAST","Aurora rockfish Pacific Coast","NWFSC-AUROCKPCOAST-1916-2013-SISIMP2016","NWFSC","SS3","USA","US West Coast","Pacific Coast","Sebastidae","Sebastes aurora","Aurora rockfish"
"AWOLF5YZ","Atlantic wolffish Gulf of Maine / Georges Bank","NEFSC-AWOLF5YZ-1968-2014-SISIMP2016","NEFSC","SCALE","USA","US East Coast","Gulf of Maine / Georges Bank","Anarhichadidae","Anarhichas lupus","Atlantic wolffish"
"BCRABCHESB","Blue crab Chesapeake Bay","CBP-BCRABCHESB-1990-2010-HIVELY","CBP","SSCMSA","USA","US East Coast","Chesapeake Bay","Portunidae","Callinectes sapidus","Blue crab"
"BGROCKPCOAST","Blackgill rockfish Pacific Coast","NWFSC-BGROCKPCOAST-1950-2011-STACHURA","NWFSC","SS3","USA","US West Coast","Pacific Coast","Sebastidae","Sebastes melanostomus","Blackgill rockfish"
"BHEADSHARATL","Bonnethead shark Atlantic","SEFSC-BHEADSHARATL-1950-2011-HIVELY","SEFSC","ASPM","USA","US Southeast and Gulf","Atlantic","Sphyrnidae","Sphyrna tiburo","Bonnethead shark"
"BKINGCRABPI","Blue king crab Pribilof Islands","AFSC-BKINGCRABPI-1960-2008-JENSEN","AFSC","Survey indices","USA","US Alaska","Pribilof Islands","Lithodidae","Paralithodes platypus","Blue king crab"
"BKINGCRABSMI","Blue king crab Saint Matthews Island","AFSC-BKINGCRABSMI-1960-2008-JENSEN","AFSC","Survey indices","USA","US Alaska","Saint Matthews Island","Lithodidae","Paralithodes platypus","Blue king crab"
"BLACKGROUPERGMSATL","Black grouper Gulf of Mexico and South Atlantic","SEFSC-BLACKGROUPERGMSATL-1986-2008-THORSON","SEFSC","ASAP","USA","US Southeast and Gulf","Gulf of Mexico and South Atlantic","Serranidae","Mycteroperca bonaci","Black grouper"
"BLACKROCKCAL","Black rockfish California","SWFSC-BLACKROCKCAL-1916-2015-SISIMP2016","SWFSC","SS3","USA","US West Coast","California","Sebastidae","Sebastes melanops","Black rockfish"
"BLACKROCKORECOAST","Black rockfish Oregon Coast","NWFSC-BLACKROCKORECOAST-1892-2015-SISIMP2016","NWFSC","SS3","USA","US West Coast","Oregon Coast","Sebastidae","Sebastes melanops","Black rockfish"
"BLACKROCKWASH","Black rockfish Washington","NWFSC-BLACKROCKWASH-1940-2015-SISIMP2016","NWFSC","SS3","USA","US West Coast","Washington","Sebastidae","Sebastes melanops","Black rockfish"
"BLTILESATLC","Blueline tilefish Southern Atlantic coast","SEFSC-BLTILESATLC-1974-2011-SISIMP2016","SEFSC","BAM","USA","US Southeast and Gulf","Southern Atlantic coast","Malacanthidae","Caulolatilus microps","Blueline tilefish"
"BLUEFISHATLC","Bluefish Atlantic Coast","NEFSC-BLUEFISHATLC-1985-2014-SISIMP2016","NEFSC","ASAP","USA","US East Coast","Atlantic Coast","Pomatomidae","Pomatomus saltatrix","Bluefish"
"BLUEROCKCAL","Blue rockfish California","NWFSC-BLUEROCKCAL-1916-2007-BRANCH","NWFSC","SS2","USA","US West Coast","California","Sebastidae","Sebastes mystinus","Blue rockfish"
"BNKROCKCAL","Bank rockfish California","PFMC-BNKROCKCAL-1979-1999-CHING","PFMC","SS1","USA","US West Coast","California","Sebastidae","Sebastes rufus","Bank rockfish"
"BNOSESHARATL","Blacknose shark Atlantic","SEFSC-BNOSESHARATL-1950-2009-SISIMP2016","SEFSC","Unknown","USA","US Southeast and Gulf","Atlantic","Carcharhinidae","Carcharhinus acronotus","Blacknose shark"
"BOCACCSPCOAST","Bocaccio Southern Pacific Coast","SWFSC-BOCACCSPCOAST-1935-2013-SISIMP2016","SWFSC","SS3","USA","US West Coast","Southern Pacific Coast","Sebastidae","Sebastes paucispinis","Bocaccio"
"BRNROCKPCOAST","Brown rockfish Pacific Coast","SWFSC-BRNROCKPCOAST-1916-2012-SISIMP2016","SWFSC","XDB-SRA","USA","US West Coast","Pacific Coast","Sebastidae","Sebastes auriculatus","Brown rockfish"
"BRNSHRIMPGM","Brown shrimp Gulf of Mexico","SEFSC-BRNSHRIMPGM-1984-2014-SISIMP2016","SEFSC","SS3","USA","US Southeast and Gulf","Gulf of Mexico","Penaeidae","Farfantepenaeus aztecus","Brown shrimp"
"BSBASSMATLC","Black sea bass Mid-Atlantic Coast","NEFSC-BSBASSMATLC-1939-2015-ASHBROOK","NEFSC","SCA","USA","US East Coast","Mid-Atlantic Coast","Serranidae","Centropristis striata","Black sea bass"
"BSBASSSATL","Black sea bass South Atlantic","SEFSC-BSBASSSATL-1978-2012-SISIMP2016","SEFSC","BAM","USA","US Southeast and Gulf","South Atlantic","Serranidae","Centropristis striata","Black sea bass"
"BSKAT5YZSNE","Barndoor skate Gulf of Maine / Georges Bank-Southern New England","NEFSC-BSKAT5YZSNE-1963-2005-SOSEBEE","NEFSC","Survey indices","USA","US East Coast","Gulf of Maine / Georges Bank-Southern New England","Rajidae","Dipturus laevis","Barndoor skate"
"BTIPSHARATL","Blacktip shark Atlantic","SEFSC-BTIPSHARATL-1981-2004-FAUCONNET","SEFSC","SPASM","USA","US Southeast and Gulf","Atlantic","Carcharhinidae","Carcharhinus limbatus","Blacktip shark"
"BTIPSHARGM","Blacktip shark Gulf of Mexico","SEFSC-BTIPSHARGM-1981-2010-HIVELY","SEFSC","SPASM","USA","US Southeast and Gulf","Gulf of Mexico","Carcharhinidae","Carcharhinus limbatus","Blacktip shark"
"BUTTERGOMCHATT","Atlantic butterfish Gulf of Maine / Cape Hatteras","NEFSC-BUTTERGOMCHATT-1965-2012-HIVELY","NEFSC","ASAP","USA","US East Coast","Gulf of Maine / Cape Hatteras","Stromateidae","Peprilus triacanthus","Atlantic butterfish"
"CABEZNCAL","Cabezon Northern California","PFMC-CABEZNCAL-1930-2009-CHING","PFMC","SS3","USA","US West Coast","Northern California","Cottidae","Scorpaenichthys marmoratus","Cabezon"
"CABEZORECOAST","Cabezon Oregon Coast","NWFSC-CABEZORECOAST-1973-2009-STACHURA","NWFSC","SS3","USA","US West Coast","Oregon Coast","Cottidae","Scorpaenichthys marmoratus","Cabezon"
"CABEZSCAL","Cabezon Southern California","PFMC-CABEZSCAL-1930-2009-CHING","PFMC","SS3","USA","US West Coast","Southern California","Cottidae","Scorpaenichthys marmoratus","Cabezon"
"CALSCORPSCAL","California scorpionfish Southern California","SWFSC-CALSCORPSCAL-1914-2015-SISIMP2016","SWFSC","SS2","USA","US West Coast","Southern California","Scorpaenidae","Scorpaena guttata","California scorpionfish"
"CHILISPCOAST","Chilipepper Southern Pacific Coast","SWFSC-CHILISPCOAST-1892-2015-SISIMP2016","SWFSC","SS3","USA","US West Coast","Southern Pacific Coast","Sebastidae","Sebastes goodei","Chilipepper"
"CHROCKCPCOAST","China rockfish Central Pacific Coast","NWFSC-CHROCKCPCOAST-1900-2015-SISIMP2016","NWFSC","SS3","USA","US West Coast","Central Pacific Coast","Sebastidae","Sebastes nebulosus","China rockfish"
"CHROCKNPCOAST","China rockfish Northern Pacific Coast","SWFSC-CHROCKNPCOAST-1900-2015-SISIMP2016","SWFSC","SS3","USA","US West Coast","Northern Pacific Coast","Sebastidae","Sebastes nebulosus","China rockfish"
"CHROCKSPCOAST","China rockfish Southern Pacific Coast","NWFSC-CHROCKSPCOAST-1900-2015-SISIMP2016","NWFSC","SS3","USA","US West Coast","Southern Pacific Coast","Sebastidae","Sebastes nebulosus","China rockfish"
"CMACKPCOAST","Pacific chub mackerel Pacific Coast","SWFSC-CMACKPCOAST-1983-2015-SISIMP2016","SWFSC","SS3","USA","US West Coast","Pacific Coast","Scombridae","Scomber japonicus","Pacific chub mackerel"
"COBGM","Cobia Gulf of Mexico","SEFSC-COBGM-1927-2011-SISIMP2016","SEFSC","SS3","USA","US Southeast and Gulf","Gulf of Mexico","Rachycentridae","Rachycentron canadum","Cobia"
"COBSATLC","Cobia Southern Atlantic coast","SEFSC-COBSATLC-1950-2011-SISIMP2016","SEFSC","BAM","USA","US Southeast and Gulf","Southern Atlantic coast","Rachycentridae","Rachycentron canadum","Cobia"
"CODGB","Atlantic cod Georges Bank","NEFSC-CODGB-1976-2011-CHING","NEFSC","ASAP","USA","US East Coast","Georges Bank","Gadidae","Gadus morhua","Atlantic cod"
"CODGOM","Atlantic cod Gulf of Maine","NEFSC-CODGOM-2006-2014-ASHBROOK","NEFSC","ASAP","USA","US East Coast","Gulf of Maine","Gadidae","Gadus morhua","Atlantic cod"
"COWCODSCAL","Cowcod Southern California","PFMC-COWCODSCAL-1900-2015-HIVELY","PFMC","XDB-SRA","USA","US West Coast","Southern California","Sebastidae","Sebastes levis","Cowcod"
"CPRROCKPCOAST","Copper rockfish Pacific Coast","SWFSC-CPRROCKPCOAST-1916-2012-SISIMP2016","SWFSC","XDB-SRA","USA","US West Coast","Pacific Coast","Sebastidae","Sebastes caurinus","Copper rockfish"
"CROCKPCOAST","Canary rockfish Pacific Coast","NWFSC-CROCKPCOAST-1892-2015-SISIMP2016","NWFSC","SS3","USA","US West Coast","Pacific Coast","Sebastidae","Sebastes pinniger","Canary rockfish"
"CSALMAKPSESCD","Chum salmon AK Pen Southeastern and South-central Districts","ADFG-CSALMAKPSESCD-1962-2005-HIVELY","ADFG","Unknown","USA","US Alaska (Pacific Salmon)","AK Pen Southeastern and South-central Districts","Salmonidae","Oncorhynchus keta","Chum salmon"
"CSALMAKPSWUD","Chum salmon AK Pen Southwestern and Unimak Districts","ADFG-CSALMAKPSWUD-1962-2005-HIVELY","ADFG","Unknown","USA","US Alaska (Pacific Salmon)","AK Pen Southwestern and Unimak Districts","Salmonidae","Oncorhynchus keta","Chum salmon"
"CSALMANDREAR","Chum salmon Andreafsky River","ADFG-CSALMANDREAR-1972-1998-HIVELY","ADFG","Unknown","USA","US Alaska (Pacific Salmon)","Andreafsky River","Salmonidae","Oncorhynchus keta","Chum salmon"
"CSALMANVIKR","Chum salmon Anvik River","ADFG-CSALMANVIKR-1972-1996-HIVELY","ADFG","Unknown","USA","US Alaska (Pacific Salmon)","Anvik River","Salmonidae","Oncorhynchus keta","Chum salmon"
"CSALMBEARR","Chum salmon Bear River","ADFG-CSALMBEARR-1962-1998-HIVELY","ADFG","Unknown","USA","US Alaska (Pacific Salmon)","Bear River","Salmonidae","Oncorhynchus keta","Chum salmon"
"CSALMBECHSNWD","Chum salmon Bechevin, Swanson (Northwestern District)","ADFG-CSALMBECHSNWD-1962-1998-HIVELY","ADFG","Unknown","USA","US Alaska (Pacific Salmon)","Bechevin, Swanson (Northwestern District)","Salmonidae","Oncorhynchus keta","Chum salmon"
"CSALMBLKAMR","Chum salmon Big and Little Kamishak Rivers","ADFG-CSALMBLKAMR-1973-1998-HIVELY","ADFG","Unknown","USA","US Alaska (Pacific Salmon)","Big and Little Kamishak Rivers","Salmonidae","Oncorhynchus keta","Chum salmon"
"CSALMBRUINR","Chum salmon Bruin River","ADFG-CSALMBRUINR-1971-1998-HIVELY","ADFG","Unknown","USA","US Alaska (Pacific Salmon)","Bruin River","Salmonidae","Oncorhynchus keta","Chum salmon"
"CSALMCARIBOUF","Chum salmon CaribouFlats","ADFG-CSALMCARIBOUF-1962-1998-HIVELY","ADFG","Unknown","USA","US Alaska (Pacific Salmon)","CaribouFlats","Salmonidae","Oncorhynchus keta","Chum salmon"
"CSALMCHIDWD","Chum salmon Chignik Western District","ADFG-CSALMCHIDWD-1962-1996-HIVELY","ADFG","Unknown","USA","US Alaska (Pacific Salmon)","Chignik Western District","Salmonidae","Oncorhynchus keta","Chum salmon"
"CSALMCHIGCD","Chum salmon Chignik Central District","ADFG-CSALMCHIGCD-1962-1996-HIVELY","ADFG","Unknown","USA","US Alaska (Pacific Salmon)","Chignik Central District","Salmonidae","Oncorhynchus keta","Chum salmon"
"CSALMCHIGED","Chum salmon Chignik Eastern District","ADFG-CSALMCHIGED-1962-1996-HIVELY","ADFG","Unknown","USA","US Alaska (Pacific Salmon)","Chignik Eastern District","Salmonidae","Oncorhynchus keta","Chum salmon"
"CSALMCINDERR","Chum salmon Cinder River","ADFG-CSALMCINDERR-1962-1998-HIVELY","ADFG","Unknown","USA","US Alaska (Pacific Salmon)","Cinder River","Salmonidae","Oncorhynchus keta","Chum salmon"
"CSALMCOLR","Chum salmon Columbia R","WDFW-CSALMCOLR-1950-2000-HIVELY","WDFW","Unknown","USA","US West Coast (Pacific Salmon)","Columbia R","Salmonidae","Oncorhynchus keta","Chum salmon"
"CSALMCWCIR","Chum salmon Cottonwood Creek and Iniskin River","ADFG-CSALMCWCIR-1968-1998-HIVELY","ADFG","Unknown","USA","US Alaska (Pacific Salmon)","Cottonwood Creek and Iniskin River","Salmonidae","Oncorhynchus keta","Chum salmon"
"CSALMDFL","Chum salmon Dogfish Lagoon","ADFG-CSALMDFL-1964-1998-HIVELY","ADFG","Unknown","USA","US Alaska (Pacific Salmon)","Dogfish Lagoon","Salmonidae","Oncorhynchus keta","Chum salmon"
"CSALMEALSEKR","Chum salmon East Alsek River","ADFG-CSALMEALSEKR-1960-1991-HIVELY","ADFG","Unknown","USA","US Alaska (Pacific Salmon)","East Alsek River","Salmonidae","Oncorhynchus keta","Chum salmon"
"CSALMFISHC","Chum salmon Fish Creek","ADFG-CSALMFISHC-1971-2002-HIVELY","ADFG","Unknown","USA","US Alaska (Pacific Salmon)","Fish Creek","Salmonidae","Oncorhynchus keta","Chum salmon"
"CSALMGOLOVIN","Chum salmon Golovin","ADFG-CSALMGOLOVIN-1962-2005-HIVELY","ADFG","Unknown","USA","US Alaska (Pacific Salmon)","Golovin","Salmonidae","Oncorhynchus keta","Chum salmon"
"CSALMGOODNEWSR","Chum salmon Goodnews River","ADFG-CSALMGOODNEWSR-1969-2002-HIVELY","ADFG","Unknown","USA","US Alaska (Pacific Salmon)","Goodnews River","Salmonidae","Oncorhynchus keta","Chum salmon"
"CSALMGRAYH","Chum salmon Grays Harbour","WDFW-CSALMGRAYH-1969-2000-HIVELY","WDFW","Unknown","USA","US West Coast (Pacific Salmon)","Grays Harbour","Salmonidae","Oncorhynchus keta","Chum salmon"
"CSALMHOODC","Chum salmon Hood Canal","WDFW-CSALMHOODC-1965-1998-HIVELY","WDFW","Unknown","USA","US West Coast (Pacific Salmon)","Hood Canal","Salmonidae","Oncorhynchus keta","Chum salmon"
"CSALMIZEMBEKMNWD","Chum salmon Izembek, Moffet (Northwestern District)","ADFG-CSALMIZEMBEKMNWD-1962-1998-HIVELY","ADFG","Unknown","USA","US Alaska (Pacific Salmon)","Izembek, Moffet (Northwestern District)","Salmonidae","Oncorhynchus keta","Chum salmon"
"CSALMJDFS","Chum salmon Juan de Fuca Straits","WDFW-CSALMJDFS-1965-1998-HIVELY","WDFW","Unknown","USA","US West Coast (Pacific Salmon)","Juan de Fuca Straits","Salmonidae","Oncorhynchus keta","Chum salmon"
"CSALMKADASHANC","Chum salmon Kadashan Creek","ADFG-CSALMKADASHANC-1969-1988-HIVELY","ADFG","Unknown","USA","US Alaska (Pacific Salmon)","Kadashan Creek","Salmonidae","Oncorhynchus keta","Chum salmon"
"CSALMKANEKTOKR","Chum salmon Kanektok River","ADFG-CSALMKANEKTOKR-1961-2002-HIVELY","ADFG","Unknown","USA","US Alaska (Pacific Salmon)","Kanektok River","Salmonidae","Oncorhynchus keta","Chum salmon"
"CSALMKOTZEBUES","Chum salmon Kotzebue Sound","ADFG-CSALMKOTZEBUES-1962-2004-HIVELY","ADFG","Unknown","USA","US Alaska (Pacific Salmon)","Kotzebue Sound","Salmonidae","Oncorhynchus keta","Chum salmon"
"CSALMKTRNS","Chum salmon Kwiniuk and Tubutulik Rivers (Norton Sound)","ADFG-CSALMKTRNS-1962-2004-HIVELY","ADFG","Unknown","USA","US Alaska (Pacific Salmon)","Kwiniuk and Tubutulik Rivers (Norton Sound)","Salmonidae","Oncorhynchus keta","Chum salmon"
"CSALMKUSKOKWIM","Chum salmon Kuskokwim","ADFG-CSALMKUSKOKWIM-1961-2005-HIVELY","ADFG","Unknown","USA","US Alaska (Pacific Salmon)","Kuskokwim","Salmonidae","Oncorhynchus keta","Chum salmon"
"CSALMMNRSD","Chum salmon McNeil River (and Sub-District)","ADFG-CSALMMNRSD-1973-1998-HIVELY","ADFG","Unknown","USA","US Alaska (Pacific Salmon)","McNeil River (and Sub-District)","Salmonidae","Oncorhynchus keta","Chum salmon"
"CSALMNELSONL","Chum salmon NelsonLagoon","ADFG-CSALMNELSONL-1962-1998-HIVELY","ADFG","Unknown","USA","US Alaska (Pacific Salmon)","NelsonLagoon","Salmonidae","Oncorhynchus keta","Chum salmon"
"CSALMNORTONB","Chum salmon Norton Bay","ADFG-CSALMNORTONB-1962-2003-HIVELY","ADFG","Unknown","USA","US Alaska (Pacific Salmon)","Norton Bay","Salmonidae","Oncorhynchus keta","Chum salmon"
"CSALMNORTONSD1","Chum salmon Norton Sound District 1","ADFG-CSALMNORTONSD1-1964-2004-HIVELY","ADFG","Unknown","USA","US Alaska (Pacific Salmon)","Norton Sound District 1","Salmonidae","Oncorhynchus keta","Chum salmon"
"CSALMNSR","Chum salmon Nooksack and Samish Rivers","WDFW-CSALMNSR-1965-1998-HIVELY","WDFW","Unknown","USA","US West Coast (Pacific Salmon)","Nooksack and Samish Rivers","Salmonidae","Oncorhynchus keta","Chum salmon"
"CSALMNUSHAGAKD","Chum salmon Nushagak District","ADFG-CSALMNUSHAGAKD-1968-2004-HIVELY","ADFG","Unknown","USA","US Alaska (Pacific Salmon)","Nushagak District","Salmonidae","Oncorhynchus keta","Chum salmon"
"CSALMPDIC","Chum salmon Port Dick and Island Creek","ADFG-CSALMPDIC-1964-1998-HIVELY","ADFG","Unknown","USA","US Alaska (Pacific Salmon)","Port Dick and Island Creek","Salmonidae","Oncorhynchus keta","Chum salmon"
"CSALMPERRYVILLED","Chum salmon Perryville District","ADFG-CSALMPERRYVILLED-1962-1996-HIVELY","ADFG","Unknown","USA","US Alaska (Pacific Salmon)","Perryville District","Salmonidae","Oncorhynchus keta","Chum salmon"
"CSALMPGRAHAM","Chum salmon Port Graham","ADFG-CSALMPGRAHAM-1964-1998-HIVELY","ADFG","Unknown","USA","US Alaska (Pacific Salmon)","Port Graham","Salmonidae","Oncorhynchus keta","Chum salmon"
"CSALMPHEIDEN","Chum salmon PortHeiden","ADFG-CSALMPHEIDEN-1962-1998-HIVELY","ADFG","Unknown","USA","US Alaska (Pacific Salmon)","PortHeiden","Salmonidae","Oncorhynchus keta","Chum salmon"
"CSALMPMOLLERBT","Chum salmon PMollerBt","ADFG-CSALMPMOLLERBT-1962-1998-HIVELY","ADFG","Unknown","USA","US Alaska (Pacific Salmon)","PMollerBt","Salmonidae","Oncorhynchus keta","Chum salmon"
"CSALMROCKYR","Chum salmon Rocky River","ADFG-CSALMROCKYR-1964-1998-HIVELY","ADFG","Unknown","USA","US Alaska (Pacific Salmon)","Rocky River","Salmonidae","Oncorhynchus keta","Chum salmon"
"CSALMSHAKTOOLIK","Chum salmon Shaktoolik","ADFG-CSALMSHAKTOOLIK-1961-2004-HIVELY","ADFG","Unknown","USA","US Alaska (Pacific Salmon)","Shaktoolik","Salmonidae","Oncorhynchus keta","Chum salmon"
"CSALMSKAGR","Chum salmon Skagit River","WDFW-CSALMSKAGR-1965-1998-HIVELY","WDFW","Unknown","USA","US West Coast (Pacific Salmon)","Skagit River","Salmonidae","Oncorhynchus keta","Chum salmon"
"CSALMSSOUNDFR","Chum salmon South Sound Fall Run","WDFW-CSALMSSOUNDFR-1965-1998-HIVELY","WDFW","Unknown","USA","US West Coast (Pacific Salmon)","South Sound Fall Run","Salmonidae","Oncorhynchus keta","Chum salmon"
"CSALMSSOUNDSR","Chum salmon South Sound Summer Run","WDFW-CSALMSSOUNDSR-1965-1998-HIVELY","WDFW","Unknown","USA","US West Coast (Pacific Salmon)","South Sound Summer Run","Salmonidae","Oncorhynchus keta","Chum salmon"
"CSALMSSOUNDWR","Chum salmon South Sound Winter Run","WDFW-CSALMSSOUNDWR-1965-1998-HIVELY","WDFW","Unknown","USA","US West Coast (Pacific Salmon)","South Sound Winter Run","Salmonidae","Oncorhynchus keta","Chum salmon"
"CSALMSSR","Chum salmon Stillaguamish and Snohomish Rivers","WDFW-CSALMSSR-1965-1998-HIVELY","WDFW","Unknown","USA","US West Coast (Pacific Salmon)","Stillaguamish and Snohomish Rivers","Salmonidae","Oncorhynchus keta","Chum salmon"
"CSALMTHREEH","Chum salmon ThreeHills","ADFG-CSALMTHREEH-1962-1998-HIVELY","ADFG","Unknown","USA","US Alaska (Pacific Salmon)","ThreeHills","Salmonidae","Oncorhynchus keta","Chum salmon"
"CSALMTOGD","Chum salmon Togiak District","ADFG-CSALMTOGD-1975-2004-HIVELY","ADFG","Unknown","USA","US Alaska (Pacific Salmon)","Togiak District","Salmonidae","Oncorhynchus keta","Chum salmon"
"CSALMUCOOKI","Chum salmon Upper Cook Inlet","ADFG-CSALMUCOOKI-1956-2004-HIVELY","ADFG","Unknown","USA","US Alaska (Pacific Salmon)","Upper Cook Inlet","Salmonidae","Oncorhynchus keta","Chum salmon"
"CSALMUNALAKLEET","Chum salmon Unalakleet","ADFG-CSALMUNALAKLEET-1961-2004-HIVELY","ADFG","Unknown","USA","US Alaska (Pacific Salmon)","Unalakleet","Salmonidae","Oncorhynchus keta","Chum salmon"
"CSALMURSUSCL","Chum salmon Ursus Cove and Lagoon","ADFG-CSALMURSUSCL-1972-1998-HIVELY","ADFG","Unknown","USA","US Alaska (Pacific Salmon)","Ursus Cove and Lagoon","Salmonidae","Oncorhynchus keta","Chum salmon"
"CSALMWILLB","Chum salmon Willapa Bay","WDFW-CSALMWILLB-1968-2000-HIVELY","WDFW","Unknown","USA","US West Coast (Pacific Salmon)","Willapa Bay","Salmonidae","Oncorhynchus keta","Chum salmon"
"CSALMYUKONRFR","Chum salmon Yukon River Fall Run","ADFG-CSALMYUKONRFR-1961-2003-HIVELY","ADFG","Unknown","USA","US Alaska (Pacific Salmon)","Yukon River Fall Run","Salmonidae","Oncorhynchus keta","Chum salmon"
"CSALMYUKONRSR","Chum salmon Yukon River Summer Run","ADFG-CSALMYUKONRSR-1961-2003-HIVELY","ADFG","Unknown","USA","US Alaska (Pacific Salmon)","Yukon River Summer Run","Salmonidae","Oncorhynchus keta","Chum salmon"
"CSKATMATLC","Clearnose skate Mid-Atlantic Coast","NEFSC-CSKATMATLC-1975-2005-SOSEBEE","NEFSC","Survey indices","USA","US East Coast","Mid-Atlantic Coast","Rajidae","Raja eglanteria","Clearnose skate"
"DKROCKPCOAST","Darkblotched rockfish Pacific Coast","NWFSC-DKROCKPCOAST-1915-2015-SISIMP2016","NWFSC","SS3","USA","US West Coast","Pacific Coast","Sebastidae","Sebastes crameri","Darkblotched rockfish"
"DSKSHARGMATL","Dusky shark Gulf of Mexico and Atlantic","SEFSC-DSKSHARGMATL-1960-2009-SISIMP2016","SEFSC","Unknown","USA","US Southeast and Gulf","Gulf of Mexico and Atlantic","Carcharhinidae","Carcharhinus obscurus","Dusky shark"
"DSOLEGA","Dover sole Gulf of Alaska","AFSC-DSOLEGA-1978-2015-SISIMP2016","AFSC","SS3","USA","US Alaska","Gulf of Alaska","Pleuronectidae","Microstomus pacificus","Dover sole"
"DSOLEPCOAST","Dover sole Pacific Coast","SWFSC-DSOLEPCOAST-1910-2011-STACHURA","SWFSC","SS3","USA","US West Coast","Pacific Coast","Pleuronectidae","Microstomus pacificus","Dover sole"
"DUSROCKGA","Dusky rockfish Gulf of Alaska","AFSC-DUSROCKGA-1977-2015-SISIMP2016","AFSC","Unknown","USA","US Alaska","Gulf of Alaska","Sebastidae","Sebastes variabilis","Dusky rockfish"
"ESOLEPCOAST","English sole Pacific Coast","NWFSC-ESOLEPCOAST-1876-2012-SISIMP2016","NWFSC","SS3","USA","US West Coast","Pacific Coast","Pleuronectidae","Parophrys vetulus","English sole"
"FLSOLEBSAI","Flathead sole Bering Sea and Aleutian Islands","AFSC-FLSOLEBSAI-1977-2015-SISIMP2016","AFSC","Unknown","USA","US Alaska","Bering Sea and Aleutian Islands","Pleuronectidae","Hippoglossoides elassodon","Flathead sole"
"FLSOLEGA","Flathead sole Gulf of Alaska","AFSC-FLSOLEGA-1978-2015-SISIMP2016","AFSC","Unknown","USA","US Alaska","Gulf of Alaska","Pleuronectidae","Hippoglossoides elassodon","Flathead sole"
"FTOOTHSHARATL","Finetooth shark Atlantic","SEFSC-FTOOTHSHARATL-1976-2005-FAUCONNET","SEFSC","BBM","USA","US Southeast and Gulf","Atlantic","Carcharhinidae","Carcharhinus isodon","Finetooth shark"
"GAGGM","Gag Gulf of Mexico","SEFSC-GAGGM-1963-2012-HIVELY","SEFSC","SS3","USA","US Southeast and Gulf","Gulf of Mexico","Serranidae","Mycteroperca microlepis","Gag"
"GAGSATLC","Gag Southern Atlantic coast","SEFSC-GAGSATLC-1962-2012-SISIMP2016","SEFSC","BAM","USA","US Southeast and Gulf","Southern Atlantic coast","Serranidae","Mycteroperca microlepis","Gag"
"GHALBSAI","Greenland halibut Bering Sea and Aleutian Islands","AFSC-GHALBSAI-1960-2015-HIVELY","AFSC","SS3","USA","US Alaska","Bering Sea and Aleutian Islands","Pleuronectidae","Reinhardtius hippoglossoides","Greenland halibut"
"GLGROUPSATLCGM","Goliath grouper Southern Atlantic coast and Gulf of Mexico","SEFSC-GLGROUPSATLCGM-1950-2009-SISIMP2016","SEFSC","Unknown","USA","US Southeast and Gulf","Southern Atlantic coast and Gulf of Mexico","Serranidae","Epinephelus itajara","Goliath grouper"
"GOPHERSPCOAST","Gopher rockfish Southern Pacific Coast","SWFSC-GOPHERSPCOAST-1965-2005-STANTON","SWFSC","SS2","USA","US West Coast","Southern Pacific Coast","Sebastidae","Sebastes carnatus","Gopher rockfish"
"GPOCTOBSAI","Giant Pacific octopus Bering Sea and Aleutian Islands","AFSC-GPOCTOBSAI-1997-2014-SISIMP2016","AFSC","Unknown","USA","US Alaska","Bering Sea and Aleutian Islands","Enteroctopodidae","Enteroctopus dofleini","Giant pacific octopus"
"GPOCTOGA","Giant Pacific octopus Gulf of Alaska","AFSC-GPOCTOGA-1997-2014-SISIMP2016","AFSC","Unknown","USA","US Alaska","Gulf of Alaska","Enteroctopodidae","Enteroctopus dofleini","Giant pacific octopus"
"GRAMBERGM","Greater amberjack Gulf of Mexico","SEFSC-GRAMBERGM-1950-2012-SISIMP2016","SEFSC","SS3","USA","US Southeast and Gulf","Gulf of Mexico","Carangidae","Seriola dumerili","Greater amberjack"
"GRAMBERSATLC","Greater amberjack Southern Atlantic coast","SEFSC-GRAMBERSATLC-1946-2006-JENSEN","SEFSC","SCA","USA","US Southeast and Gulf","Southern Atlantic coast","Carangidae","Seriola dumerili","Greater amberjack"
"GRNSTROCKPCOAST","Greenstriped rockfish Pacific Coast","PFMC-GRNSTROCKPCOAST-1916-2009-STANTON","PFMC","SS3","USA","US West Coast","Pacific Coast","Sebastidae","Sebastes elongatus","Greenstriped rockfish"
"GRSPROCKNCAL","Greenspotted rockfish Northern Pacific Coast","SWFSC-GRSPROCKNCAL-1916-2010-STACHURA","SWFSC","SS3","USA","US West Coast","Northern Pacific Coast","Sebastidae","Sebastes chlorostictus","Greenspotted rockfish"
"GRSPROCKSCAL","Greenspotted rockfish Southern Pacific Coast","SWFSC-GRSPROCKSCAL-1916-2010-STACHURA","SWFSC","SS3","USA","US West Coast","Southern Pacific Coast","Sebastidae","Sebastes chlorostictus","Greenspotted rockfish"
"GTRIGGM","Gray triggerfish Gulf of Mexico","SEFSC-GTRIGGM-1945-2013-SISIMP2016","SEFSC","SS3","USA","US Southeast and Gulf","Gulf of Mexico","Balistidae","Balistes capriscus","Gray triggerfish"
"HAD5Y","Haddock Gulf of Maine","NEFSC-HAD5Y-1977-2014-SISIMP2016","NEFSC","ASAP","USA","US East Coast","Gulf of Maine","Gadidae","Melanogrammus aeglefinus","Haddock"
"HADGB","Haddock Georges Bank","NEFSC-HADGB-1960-2014-SISIMP2016","NEFSC","VPA","USA","US East Coast","Georges Bank","Gadidae","Melanogrammus aeglefinus","Haddock"
"HERRNWATLC","Herring Northwestern Atlantic Coast","NEFSC-HERRNWATLC-1965-2014-SISIMP2016","NEFSC","ASAP","USA","US East Coast","Northwestern Atlantic Coast","Clupeidae","Clupea harengus","Herring"
"HERRPWS","Pacific herring Prince William Sound","ADFG-HERRPWS-1980-2006-COLLIE","ADFG","AD-CAM","USA","US Alaska","Prince William Sound","Clupeidae","Clupea pallasii pallasii","Pacific herring"
"HERRSITKA","Pacific herring Sitka","ADFG-HERRSITKA-1978-2007-COLLIE","ADFG","AD-CAM","USA","US Alaska","Sitka","Clupeidae","Clupea pallasii pallasii","Pacific herring"
"HERRTOG","Pacific herring Togiak District","ADFG-HERRTOG-1990-2010-HIVELY","ADFG","Unknown","USA","US Alaska","Togiak District","Clupeidae","Clupea pallasii pallasii","Pacific herring"
"ILLEXNWATLC","Northern shortfin squid Northwestern Atlantic Coast","NEFSC-ILLEXNWATLC-1967-2005-HENDRICKSON","NEFSC","AAPM","USA","US East Coast","Northwestern Atlantic Coast","Ommastrephidae","Illex illecebrosus","Northern shortfin squid"
"KELPGREENLINGORECOAST","Kelp greenling Oregon Coast","NWFSC-KELPGREENLINGORECOAST-1915-2015-SISIMP2016","NWFSC","SS3","USA","US West Coast","Oregon Coast","Hexagrammidae","Hexagrammos decagrammus","Kelp greenling"
"KMACKGM","King mackerel Gulf of Mexico","SEFSC-KMACKGM-1929-2012-HIVELY","SEFSC","SS3","USA","US Southeast and Gulf","Gulf of Mexico","Scombridae","Scomberomorus cavalla","King mackerel"
"KMACKSATLC","King mackerel Southern Atlantic coast","SEFSC-KMACKSATLC-1901-2012-HIVELY","SEFSC","SS3","USA","US Southeast and Gulf","Southern Atlantic coast","Scombridae","Scomberomorus cavalla","King mackerel"
"KMFLOUNBSAI","Kamchatka flounder Bering Sea and Aleutian Islands","AFSC-KMFLOUNBSAI-1991-2015-SISIMP2016","AFSC","Unknown","USA","US Alaska","Bering Sea and Aleutian Islands","Pleuronectidae","Atheresthes evermanni","Kamchatka flounder"
"LINGCODNPCOAST","Lingcod Northern Pacific Coast","NWFSC-LINGCODNPCOAST-1928-2009-STACHURA","NWFSC","SS3","USA","US West Coast","Northern Pacific Coast","Hexagrammidae","Ophiodon elongatus","Lingcod"
"LINGCODSPCOAST","Lingcod Southern Pacific Coast","NWFSC-LINGCODSPCOAST-1928-2009-STACHURA","NWFSC","SS3","USA","US West Coast","Southern Pacific Coast","Hexagrammidae","Ophiodon elongatus","Lingcod"
"LISQUIDATLC","Longfin inshore squid Atlantic Coast","SEFSC-LISQUIDATLC-1963-2009-HIVELY","SEFSC","Survey indices","USA","US Southeast and Gulf","Atlantic Coast","Loliginidae","Doryteuthis pealeii","Longfin inshore squid"
"LNOSESKAPCOAST","Longnose skate Pacific Coast","NWFSC-LNOSESKAPCOAST-1915-2007-BRANCH","NWFSC","SS2","USA","US West Coast","Pacific Coast","Rajidae","Beringraja rhina","Longnose skate"
"LOBSTERGB","American lobster Georges Bank","ASMFC-LOBSTERGB-1981-2007-STANTON","ASMFC","CSM","USA","US East Coast","Georges Bank","Nephropidae","Homarus americanus","American lobster"
"LOBSTERGOM","American lobster Gulf of Maine","ASMFC-LOBSTERGOM-1981-2007-STANTON","ASMFC","CSM","USA","US East Coast","Gulf of Maine","Nephropidae","Homarus americanus","American lobster"
"LOBSTERSNE","American lobster Southern New England","ASMFC-LOBSTERSNE-1981-2007-STANTON","ASMFC","CSM","USA","US East Coast","Southern New England","Nephropidae","Homarus americanus","American lobster"
"LSKAT5YCHATT","Little skate Gulf of Maine / Cape Hatteras","NEFSC-LSKAT5YCHATT-1968-2006-SOSEBEE","NEFSC","Survey indices","USA","US East Coast","Gulf of Maine / Cape Hatteras","Rajidae","Leucoraja erinacea","Little skate"
"LSTHORNHPCOAST","Longspine thornyhead Pacific Coast","NWFSC-LSTHORNHPCOAST-1964-2012-HIVELY","NWFSC","SS3","USA","US West Coast","Pacific Coast","Sebastidae","Sebastolobus altivelis","Longspine thornyhead"
"MENATGM","Gulf menhaden Gulf of Mexico","SEFSC-MENATGM-1948-2017-ASHBROOK","SEFSC","BAM","USA","US Southeast and Gulf","Gulf of Mexico","Clupeidae","Brevoortia patronus","Gulf menhaden"
"MENATLAN","Atlantic menhaden Atlantic","ASMFC-MENATLAN-1940-2017-ASHBROOK","ASMFC","BAM","USA","US East Coast","Atlantic","Clupeidae","Brevoortia tyrannus","Atlantic menhaden"
"MONKGOMNGB","Monkfish Gulf of Maine / Northern Georges Bank","NEFSC-MONKGOMNGB-1979-2010-SISIMP2016","NEFSC","SCALE","USA","US East Coast","Gulf of Maine / Northern Georges Bank","Lophiidae","Lophius americanus","Monkfish"
"MONKSGBMATL","Monkfish Southern Georges Bank / Mid-Atlantic","NEFSC-MONKSGBMATL-1979-2010-SISIMP2016","NEFSC","SCALE","USA","US East Coast","Southern Georges Bank / Mid-Atlantic","Lophiidae","Lophius americanus","Monkfish"
"MUTSNAPSATLCGM","Mutton snapper Southern Atlantic coast and Gulf of Mexico","SEFSC-MUTSNAPSATLCGM-1981-2013-SISIMP2016","SEFSC","ASAP","USA","US Southeast and Gulf","Southern Atlantic coast and Gulf of Mexico","Lutjanidae","Lutjanus analis","Mutton snapper"
"NROCKBSAI","Northern rockfish Bering Sea and Aleutian Islands","AFSC-NROCKBSAI-1977-2015-SISIMP2016","AFSC","Unknown","USA","US Alaska","Bering Sea and Aleutian Islands","Sebastidae","Sebastes polyspinis","Northern rockfish"
"NROCKGA","Northern rockfish Gulf of Alaska","AFSC-NROCKGA-1961-2015-SISIMP2016","AFSC","Unknown","USA","US Alaska","Gulf of Alaska","Sebastidae","Sebastes polyspinis","Northern rockfish"
"NRSOLEEBSAI","Northern rock sole Eastern Bering Sea and Aleutian Islands","AFSC-NRSOLEEBSAI-1975-2015-SISIMP2016","AFSC","Unknown","USA","US Alaska","Eastern Bering Sea and Aleutian Islands","Pleuronectidae","Lepidopsetta polyxystra","Northern rock sole"
"NRSOLEGA","Northern rock sole Gulf of Alaska","AFSC-NRSOLEGA-1977-2015-SISIMP2016","AFSC","SS3","USA","US Alaska","Gulf of Alaska","Pleuronectidae","Lepidopsetta polyxystra","Northern rock sole"
"OPOUTNWATLC","Ocean pout Northwestern Atlantic Coast","NEFSC-OPOUTNWATLC-1968-2014-SISIMP2016","NEFSC","Unknown","USA","US East Coast","Northwestern Atlantic Coast","Zoarcidae","Zoarces americanus","Ocean pout"
"PANDALGOM","Northern shrimp Gulf of Maine","ASMFC-PANDALGOM-1960-2009-IDOINE","ASMFC","CSA","USA","US East Coast","Gulf of Maine","Pandalidae","Pandalus borealis","Northern shrimp"
"PCODAI","Pacific cod Aleutian Islands","AFSC-PCODAI-1991-2014-SISIMP2016","AFSC","Unknown","USA","US Alaska","Aleutian Islands","Gadidae","Gadus macrocephalus","Pacific cod"
"PCODBS","Pacific cod Bering Sea","AFSC-PCODBS-1977-2015-SISIMP2016","AFSC","SS3","USA","US Alaska","Bering Sea","Gadidae","Gadus macrocephalus","Pacific cod"
"PCODGA","Pacific cod Gulf of Alaska","AFSC-PCODGA-1977-2015-SISIMP2016","AFSC","SS3","USA","US Alaska","Gulf of Alaska","Gadidae","Gadus macrocephalus","Pacific cod"
"PERCHEBSAI","Pacific ocean perch Eastern Bering Sea and Aleutian Islands","AFSC-PERCHEBSAI-1960-2015-SISIMP2016","AFSC","Unknown","USA","US Alaska","Eastern Bering Sea and Aleutian Islands","Sebastidae","Sebastes alutus","Pacific ocean perch"
"PGEODWA","Pacific geoduck Washington","WDFW-PGEODWA-1980-2010-HIVELY","WDFW","Unknown","USA","US West Coast","Washington","Hiatellidae","Panopea generosa","Pacific geoduck"
"PHAKEPCOAST","Pacific hake Pacific Coast","PFMC-PHAKEPCOAST-1966-2016-WATSON","PFMC","SS3","USA","US West Coast","Pacific Coast","Merlucciidae","Merluccius productus","Pacific hake"
"PINKSHRIMPGM","Pink shrimp Gulf of Mexico","SEFSC-PINKSHRIMPGM-1984-2013-SISIMP2016","SEFSC","SS3","USA","US Southeast and Gulf","Gulf of Mexico","Penaeidae","Farfantepenaeus duorarum","Pink shrimp"
"POLL5YZ","Pollock Gulf of Maine / Georges Bank","NEFSC-POLL5YZ-1970-2014-SISIMP2016","NEFSC","ASAP","USA","US East Coast","Gulf of Maine / Georges Bank","Gadidae","Pollachius virens","Pollock"
"POPERCHGA","Pacific ocean perch Gulf of Alaska","AFSC-POPERCHGA-1961-2015-SISIMP2016","AFSC","Unknown","USA","US Alaska","Gulf of Alaska","Sebastidae","Sebastes alutus","Pacific ocean perch"
"POPERCHPCOAST","Pacific ocean perch Pacific Coast","NWFSC-POPERCHPCOAST-1940-2011-STACHURA","NWFSC","SS3","USA","US West Coast","Pacific Coast","Sebastidae","Sebastes alutus","Pacific ocean perch"
"PSALMAFFLECKCI","Pink salmon Affleck Cl (District105)","ADFG-PSALMAFFLECKCI-1960-1998-HIVELY","ADFG","Unknown","USA","US Alaska (Pacific Salmon)","Affleck Cl (District105)","Salmonidae","Oncorhynchus gorbuscha","Pink salmon"
"PSALMAFOGNAKD","Pink salmon Afognak District","ADFG-PSALMAFOGNAKD-1978-1998-HIVELY","ADFG","Unknown","USA","US Alaska (Pacific Salmon)","Afognak District","Salmonidae","Oncorhynchus gorbuscha","Pink salmon"
"PSALMAIALIKL","Pink salmon Aialik Lagoon (Eastern D)","ADFG-PSALMAIALIKL-1962-1998-HIVELY","ADFG","Unknown","USA","US Alaska (Pacific Salmon)","Aialik Lagoon (Eastern D)","Salmonidae","Oncorhynchus gorbuscha","Pink salmon"
"PSALMAKPNWD","Pink salmon AK Pen Northwestern District","ADFG-PSALMAKPNWD-1962-1998-HIVELY","ADFG","Unknown","USA","US Alaska (Pacific Salmon)","AK Pen Northwestern District","Salmonidae","Oncorhynchus gorbuscha","Pink salmon"
"PSALMAKPSESCD","Pink salmon AK Pen Southeastern and South-central Districts","ADFG-PSALMAKPSESCD-1962-1998-HIVELY","ADFG","Unknown","USA","US Alaska (Pacific Salmon)","AK Pen Southeastern and South-central Districts","Salmonidae","Oncorhynchus gorbuscha","Pink salmon"
"PSALMAKPSWUD","Pink salmon AK Pen Southwestern and Unimak Districts","ADFG-PSALMAKPSWUD-1962-1998-HIVELY","ADFG","Unknown","USA","US Alaska (Pacific Salmon)","AK Pen Southwestern and Unimak Districts","Salmonidae","Oncorhynchus gorbuscha","Pink salmon"
"PSALMALITAKD","Pink salmon Alitak District","ADFG-PSALMALITAKD-1978-1998-HIVELY","ADFG","Unknown","USA","US Alaska (Pacific Salmon)","Alitak District","Salmonidae","Oncorhynchus gorbuscha","Pink salmon"
"PSALMAMAKC","Pink salmon Amakdedori Creek (Kamishak D)","ADFG-PSALMAMAKC-1960-1997-HIVELY","ADFG","Unknown","USA","US Alaska (Pacific Salmon)","Amakdedori Creek (Kamishak D)","Salmonidae","Oncorhynchus gorbuscha","Pink salmon"
"PSALMANAN","Pink salmon Anan (District107)","ADFG-PSALMANAN-1960-1998-HIVELY","ADFG","Unknown","USA","US Alaska (Pacific Salmon)","Anan (District107)","Salmonidae","Oncorhynchus gorbuscha","Pink salmon"
"PSALMAUKEC","Pink salmon Auke Creek (Northern Inside)","ADFG-PSALMAUKEC-1971-1998-HIVELY","ADFG","Unknown","USA","US Alaska (Pacific Salmon)","Auke Creek (Northern Inside)","Salmonidae","Oncorhynchus gorbuscha","Pink salmon"
"PSALMBARABARA","Pink salmon Barabara (Southern D)","ADFG-PSALMBARABARA-1960-1998-HIVELY","ADFG","Unknown","USA","US Alaska (Pacific Salmon)","Barabara (Southern D)","Salmonidae","Oncorhynchus gorbuscha","Pink salmon"
"PSALMBARANOFE","Pink salmon Baranof E (District109)","ADFG-PSALMBARANOFE-1960-1998-HIVELY","ADFG","Unknown","USA","US Alaska (Pacific Salmon)","Baranof E (District109)","Salmonidae","Oncorhynchus gorbuscha","Pink salmon"
"PSALMBKAMISHAKR","Pink salmon Big Kamishak River  (Kamishak D)","ADFG-PSALMBKAMISHAKR-1962-1996-HIVELY","ADFG","Unknown","USA","US Alaska (Pacific Salmon)","Big Kamishak River  (Kamishak D)","Salmonidae","Oncorhynchus gorbuscha","Pink salmon"
"PSALMBRUINR","Pink salmon Bruin River","ADFG-PSALMBRUINR-1960-1998-HIVELY","ADFG","Unknown","USA","US Alaska (Pacific Salmon)","Bruin River","Salmonidae","Oncorhynchus gorbuscha","Pink salmon"
"PSALMBURNETT","Pink salmon Burnett (District106)","ADFG-PSALMBURNETT-1960-1998-HIVELY","ADFG","Unknown","USA","US Alaska (Pacific Salmon)","Burnett (District106)","Salmonidae","Oncorhynchus gorbuscha","Pink salmon"
"PSALMCHIGNIKBD","Pink salmon Chignik Bay District","ADFG-PSALMCHIGNIKBD-1962-1997-HIVELY","ADFG","Unknown","USA","US Alaska (Pacific Salmon)","Chignik Bay District","Salmonidae","Oncorhynchus gorbuscha","Pink salmon"
"PSALMCHIGNIKCD","Pink salmon Chignik Central District","ADFG-PSALMCHIGNIKCD-1962-1997-HIVELY","ADFG","Unknown","USA","US Alaska (Pacific Salmon)","Chignik Central District","Salmonidae","Oncorhynchus gorbuscha","Pink salmon"
"PSALMCHIGNIKED","Pink salmon Chignik Eastern District","ADFG-PSALMCHIGNIKED-1962-1997-HIVELY","ADFG","Unknown","USA","US Alaska (Pacific Salmon)","Chignik Eastern District","Salmonidae","Oncorhynchus gorbuscha","Pink salmon"
"PSALMCHIGNIKWD","Pink salmon Chignik Western District","ADFG-PSALMCHIGNIKWD-1962-1997-HIVELY","ADFG","Unknown","USA","US Alaska (Pacific Salmon)","Chignik Western District","Salmonidae","Oncorhynchus gorbuscha","Pink salmon"
"PSALMCHINAP","Pink salmon China Poot (Southern D)","ADFG-PSALMCHINAP-1960-1998-HIVELY","ADFG","Unknown","USA","US Alaska (Pacific Salmon)","China Poot (Southern D)","Salmonidae","Oncorhynchus gorbuscha","Pink salmon"
"PSALMCOGHILLD","Pink salmon Coghill District","ADFG-PSALMCOGHILLD-1965-1998-HIVELY","ADFG","Unknown","USA","US Alaska (Pacific Salmon)","Coghill District","Salmonidae","Oncorhynchus gorbuscha","Pink salmon"
"PSALMDOGFISH","Pink salmon Dogfish (Southern D)","ADFG-PSALMDOGFISH-1960-1998-HIVELY","ADFG","Unknown","USA","US Alaska (Pacific Salmon)","Dogfish (Southern D)","Salmonidae","Oncorhynchus gorbuscha","Pink salmon"
"PSALMDOSEWHC","Pink salmon Dosewallips (Hood Canal)","WDFW-PSALMDOSEWHC-1959-1997-HIVELY","WDFW","Unknown","USA","US West Coast (Pacific Salmon)","Dosewallips (Hood Canal)","Salmonidae","Oncorhynchus gorbuscha","Pink salmon"
"PSALMDUCKA","Pink salmon Duckabush (Hood Canal)","WDFW-PSALMDUCKA-1959-1997-HIVELY","WDFW","Unknown","USA","US West Coast (Pacific Salmon)","Duckabush (Hood Canal)","Salmonidae","Oncorhynchus gorbuscha","Pink salmon"
"PSALMDUNGENHC","Pink salmon Dungeness (Juan de Fuca)","WDFW-PSALMDUNGENHC-1959-1997-HIVELY","WDFW","Unknown","USA","US West Coast (Pacific Salmon)","Dungeness (Juan de Fuca)","Salmonidae","Oncorhynchus gorbuscha","Pink salmon"
"PSALMEBEHM","Pink salmon EBehm (District 101)","ADFG-PSALMEBEHM-1960-1998-HIVELY","ADFG","Unknown","USA","US Alaska (Pacific Salmon)","EBehm (District 101)","Salmonidae","Oncorhynchus gorbuscha","Pink salmon"
"PSALMEDALL","Pink salmon EDall (District103)","ADFG-PSALMEDALL-1960-1998-HIVELY","ADFG","Unknown","USA","US Alaska (Pacific Salmon)","EDall (District103)","Salmonidae","Oncorhynchus gorbuscha","Pink salmon"
"PSALMELIZAH","Pink salmon Eliza Hbr (District109)","ADFG-PSALMELIZAH-1960-1998-HIVELY","ADFG","Unknown","USA","US Alaska (Pacific Salmon)","Eliza Hbr (District109)","Salmonidae","Oncorhynchus gorbuscha","Pink salmon"
"PSALMESHAMYD","Pink salmon Eshamy District","ADFG-PSALMESHAMYD-1965-1998-HIVELY","ADFG","Unknown","USA","US Alaska (Pacific Salmon)","Eshamy District","Salmonidae","Oncorhynchus gorbuscha","Pink salmon"
"PSALMESND","Pink salmon Eastside-Northend District","ADFG-PSALMESND-1978-1998-HIVELY","ADFG","Unknown","USA","US Alaska (Pacific Salmon)","Eastside-Northend District","Salmonidae","Oncorhynchus gorbuscha","Pink salmon"
"PSALMFARRAGUT","Pink salmon Farragut (District110)","ADFG-PSALMFARRAGUT-1960-1998-HIVELY","ADFG","Unknown","USA","US Alaska (Pacific Salmon)","Farragut (District110)","Salmonidae","Oncorhynchus gorbuscha","Pink salmon"
"PSALMFRESHWB","Pink salmon Freshw By (District112)","ADFG-PSALMFRESHWB-1960-1998-HIVELY","ADFG","Unknown","USA","US Alaska (Pacific Salmon)","Freshw By (District112)","Salmonidae","Oncorhynchus gorbuscha","Pink salmon"
"PSALMGOLOVIN","Pink salmon Golovin","ADFG-PSALMGOLOVIN-1962-2004-HIVELY","ADFG","Unknown","USA","US Alaska (Pacific Salmon)","Golovin","Salmonidae","Oncorhynchus gorbuscha","Pink salmon"
"PSALMHETTA","Pink salmon Hetta (District103)","ADFG-PSALMHETTA-1960-1998-HIVELY","ADFG","Unknown","USA","US Alaska (Pacific Salmon)","Hetta (District103)","Salmonidae","Oncorhynchus gorbuscha","Pink salmon"
"PSALMHHAMMAHC","Pink salmon Hamma Hamma (Hood Canal)","WDFW-PSALMHHAMMAHC-1959-1997-HIVELY","WDFW","Unknown","USA","US West Coast (Pacific Salmon)","Hamma Hamma (Hood Canal)","Salmonidae","Oncorhynchus gorbuscha","Pink salmon"
"PSALMHOMES","Pink salmon Homeshor (District114)","ADFG-PSALMHOMES-1960-1998-HIVELY","ADFG","Unknown","USA","US Alaska (Pacific Salmon)","Homeshor (District114)","Salmonidae","Oncorhynchus gorbuscha","Pink salmon"
"PSALMHOONAHS","Pink salmon Hoonah S (District113)","ADFG-PSALMHOONAHS-1960-1998-HIVELY","ADFG","Unknown","USA","US Alaska (Pacific Salmon)","Hoonah S (District113)","Salmonidae","Oncorhynchus gorbuscha","Pink salmon"
"PSALMHOUGHTON","Pink salmon Houghton (District110)","ADFG-PSALMHOUGHTON-1960-1998-HIVELY","ADFG","Unknown","USA","US Alaska (Pacific Salmon)","Houghton (District110)","Salmonidae","Oncorhynchus gorbuscha","Pink salmon"
"PSALMHUMPCY","Pink salmon Humpy Creek (Yakutat)","ADFG-PSALMHUMPCY-1962-1994-HIVELY","ADFG","Unknown","USA","US Alaska (Pacific Salmon)","Humpy Creek (Yakutat)","Salmonidae","Oncorhynchus gorbuscha","Pink salmon"
"PSALMHUMPYCCISD","Pink salmon Humpy Creek (Cook Inlet Southern D)","ADFG-PSALMHUMPYCCISD-1960-1998-HIVELY","ADFG","Unknown","USA","US Alaska (Pacific Salmon)","Humpy Creek (Cook Inlet Southern D)","Salmonidae","Oncorhynchus gorbuscha","Pink salmon"
"PSALMIGUSHIK","Pink salmon Igushik River","ADFG-PSALMIGUSHIK-1962-1984-HIVELY","ADFG","Unknown","USA","US Alaska (Pacific Salmon)","Igushik River","Salmonidae","Oncorhynchus gorbuscha","Pink salmon"
"PSALMJAMESLOD","Pink salmon James Lagoon (Outer D)","ADFG-PSALMJAMESLOD-1980-1995-HIVELY","ADFG","Unknown","USA","US Alaska (Pacific Salmon)","James Lagoon (Outer D)","Salmonidae","Oncorhynchus gorbuscha","Pink salmon"
"PSALMKASAAN","Pink salmon Kasaan (District102)","ADFG-PSALMKASAAN-1960-1998-HIVELY","ADFG","Unknown","USA","US Alaska (Pacific Salmon)","Kasaan (District102)","Salmonidae","Oncorhynchus gorbuscha","Pink salmon"
"PSALMKELPB","Pink salmon Kelp By (District112)","ADFG-PSALMKELPB-1960-1998-HIVELY","ADFG","Unknown","USA","US Alaska (Pacific Salmon)","Kelp By (District112)","Salmonidae","Oncorhynchus gorbuscha","Pink salmon"
"PSALMKLAWOCK","Pink salmon Klawock (District103)","ADFG-PSALMKLAWOCK-1960-1998-HIVELY","ADFG","Unknown","USA","US Alaska (Pacific Salmon)","Klawock (District103)","Salmonidae","Oncorhynchus gorbuscha","Pink salmon"
"PSALMKODIAKMD","Pink salmon Kodiak Mainland District","ADFG-PSALMKODIAKMD-1980-1998-HIVELY","ADFG","Unknown","USA","US Alaska (Pacific Salmon)","Kodiak Mainland District","Salmonidae","Oncorhynchus gorbuscha","Pink salmon"
"PSALMKODIAKWD","Pink salmon Kodiak Westside District","ADFG-PSALMKODIAKWD-1978-1998-HIVELY","ADFG","Unknown","USA","US Alaska (Pacific Salmon)","Kodiak Westside District","Salmonidae","Oncorhynchus gorbuscha","Pink salmon"
"PSALMKUSKOKWIM","Pink salmon Kuskokwim","ADFG-PSALMKUSKOKWIM-1960-2003-HIVELY","ADFG","Unknown","USA","US Alaska (Pacific Salmon)","Kuskokwim","Salmonidae","Oncorhynchus gorbuscha","Pink salmon"
"PSALMLISIANSKI","Pink salmon Lisianski (District113)","ADFG-PSALMLISIANSKI-1960-1998-HIVELY","ADFG","Unknown","USA","US Alaska (Pacific Salmon)","Lisianski (District113)","Salmonidae","Oncorhynchus gorbuscha","Pink salmon"
"PSALMLKAMR","Pink salmon Little Kamishak River (Kamishak D)","ADFG-PSALMLKAMR-1962-1989-HIVELY","ADFG","Unknown","USA","US Alaska (Pacific Salmon)","Little Kamishak River (Kamishak D)","Salmonidae","Oncorhynchus gorbuscha","Pink salmon"
"PSALMLYNNCD112","Pink salmon Lynn Cnl (District112)","ADFG-PSALMLYNNCD112-1960-1998-HIVELY","ADFG","Unknown","USA","US Alaska (Pacific Salmon)","Lynn Cnl (District112)","Salmonidae","Oncorhynchus gorbuscha","Pink salmon"
"PSALMLYNNCD115","Pink salmon Lynn Cnl (District115)","ADFG-PSALMLYNNCD115-1960-1998-HIVELY","ADFG","Unknown","USA","US Alaska (Pacific Salmon)","Lynn Cnl (District115)","Salmonidae","Oncorhynchus gorbuscha","Pink salmon"
"PSALMMOIRA","Pink salmon Moira (District102)","ADFG-PSALMMOIRA-1960-1998-HIVELY","ADFG","Unknown","USA","US Alaska (Pacific Salmon)","Moira (District102)","Salmonidae","Oncorhynchus gorbuscha","Pink salmon"
"PSALMMONTD","Pink salmon Montague District","ADFG-PSALMMONTD-1965-1998-HIVELY","ADFG","Unknown","USA","US Alaska (Pacific Salmon)","Montague District","Salmonidae","Oncorhynchus gorbuscha","Pink salmon"
"PSALMMPNBNS","Pink salmon Moses Point and Norton Bay (Norton Sound)","ADFG-PSALMMPNBNS-1961-2003-HIVELY","ADFG","Unknown","USA","US Alaska (Pacific Salmon)","Moses Point and Norton Bay (Norton Sound)","Salmonidae","Oncorhynchus gorbuscha","Pink salmon"
"PSALMNCHICHAGO","Pink salmon Nchichago (District114)","ADFG-PSALMNCHICHAGO-1960-1998-HIVELY","ADFG","Unknown","USA","US Alaska (Pacific Salmon)","Nchichago (District114)","Salmonidae","Oncorhynchus gorbuscha","Pink salmon"
"PSALMNISQPS","Pink salmon Nisqually (Puget Sound)","WDFW-PSALMNISQPS-1959-1997-HIVELY","WDFW","Unknown","USA","US West Coast (Pacific Salmon)","Nisqually (Puget Sound)","Salmonidae","Oncorhynchus gorbuscha","Pink salmon"
"PSALMNOME","Pink salmon Nome (Norton Sound)","ADFG-PSALMNOME-1965-2004-HIVELY","ADFG","Unknown","USA","US Alaska (Pacific Salmon)","Nome (Norton Sound)","Salmonidae","Oncorhynchus gorbuscha","Pink salmon"
"PSALMNOOKSPS","Pink salmon Nooksack (Puget Sound)","WDFW-PSALMNOOKSPS-1959-1997-HIVELY","WDFW","Unknown","USA","US West Coast (Pacific Salmon)","Nooksack (Puget Sound)","Salmonidae","Oncorhynchus gorbuscha","Pink salmon"
"PSALMNUNAKWIKD","Pink salmon Northern/Unakwik District","ADFG-PSALMNUNAKWIKD-1965-1998-HIVELY","ADFG","Unknown","USA","US Alaska (Pacific Salmon)","Northern/Unakwik District","Salmonidae","Oncorhynchus gorbuscha","Pink salmon"
"PSALMNUSHAGAKR","Pink salmon Nushagak River","ADFG-PSALMNUSHAGAKR-1960-1998-HIVELY","ADFG","Unknown","USA","US Alaska (Pacific Salmon)","Nushagak River","Salmonidae","Oncorhynchus gorbuscha","Pink salmon"
"PSALMPCHATHAM","Pink salmon Port Chatham (Outer D)","ADFG-PSALMPCHATHAM-1960-1998-HIVELY","ADFG","Unknown","USA","US Alaska (Pacific Salmon)","Port Chatham (Outer D)","Salmonidae","Oncorhynchus gorbuscha","Pink salmon"
"PSALMPDICK","Pink salmon Port Dick (Outer D)","ADFG-PSALMPDICK-1960-1998-HIVELY","ADFG","Unknown","USA","US Alaska (Pacific Salmon)","Port Dick (Outer D)","Salmonidae","Oncorhynchus gorbuscha","Pink salmon"
"PSALMPERRYVILLED","Pink salmon Perryville District","ADFG-PSALMPERRYVILLED-1962-1997-HIVELY","ADFG","Unknown","USA","US Alaska (Pacific Salmon)","Perryville District","Salmonidae","Oncorhynchus gorbuscha","Pink salmon"
"PSALMPGRAHAMSD","Pink salmon Port Graham (Southern D)","ADFG-PSALMPGRAHAMSD-1960-1998-HIVELY","ADFG","Unknown","USA","US Alaska (Pacific Salmon)","Port Graham (Southern D)","Salmonidae","Oncorhynchus gorbuscha","Pink salmon"
"PSALMPORTAGEB","Pink salmon Portage B (District110)","ADFG-PSALMPORTAGEB-1960-1998-HIVELY","ADFG","Unknown","USA","US Alaska (Pacific Salmon)","Portage B (District110)","Salmonidae","Oncorhynchus gorbuscha","Pink salmon"
"PSALMPORTLAND","Pink salmon Portland (District 101)","ADFG-PSALMPORTLAND-1960-1998-HIVELY","ADFG","Unknown","USA","US Alaska (Pacific Salmon)","Portland (District 101)","Salmonidae","Oncorhynchus gorbuscha","Pink salmon"
"PSALMPORTLOCK","Pink salmon Portlock (District113)","ADFG-PSALMPORTLOCK-1960-1998-HIVELY","ADFG","Unknown","USA","US Alaska (Pacific Salmon)","Portlock (District113)","Salmonidae","Oncorhynchus gorbuscha","Pink salmon"
"PSALMPUYALLUPPS","Pink salmon Puyallup (Puget Sound)","WDFW-PSALMPUYALLUPPS-1959-1997-HIVELY","WDFW","Unknown","USA","US West Coast (Pacific Salmon)","Puyallup (Puget Sound)","Salmonidae","Oncorhynchus gorbuscha","Pink salmon"
"PSALMPWSED","Pink salmon PWS Eastern District","ADFG-PSALMPWSED-1965-1998-HIVELY","ADFG","Unknown","USA","US Alaska (Pacific Salmon)","PWS Eastern District","Salmonidae","Oncorhynchus gorbuscha","Pink salmon"
"PSALMPWSNWD","Pink salmon PWS Northwestern District","ADFG-PSALMPWSNWD-1965-1998-HIVELY","ADFG","Unknown","USA","US Alaska (Pacific Salmon)","PWS Northwestern District","Salmonidae","Oncorhynchus gorbuscha","Pink salmon"
"PSALMPWSSED","Pink salmon PWS Southeastern District","ADFG-PSALMPWSSED-1965-1998-HIVELY","ADFG","Unknown","USA","US Alaska (Pacific Salmon)","PWS Southeastern District","Salmonidae","Oncorhynchus gorbuscha","Pink salmon"
"PSALMPWSSWD","Pink salmon PWS Southwest District","ADFG-PSALMPWSSWD-1965-1998-HIVELY","ADFG","Unknown","USA","US Alaska (Pacific Salmon)","PWS Southwest District","Salmonidae","Oncorhynchus gorbuscha","Pink salmon"
"PSALMPYBUSGA","Pink salmon Pybus/Ga (District110)","ADFG-PSALMPYBUSGA-1960-1998-HIVELY","ADFG","Unknown","USA","US Alaska (Pacific Salmon)","Pybus/Ga (District110)","Salmonidae","Oncorhynchus gorbuscha","Pink salmon"
"PSALMRATZH","Pink salmon Ratz Hbr (District106)","ADFG-PSALMRATZH-1960-1998-HIVELY","ADFG","Unknown","USA","US Alaska (Pacific Salmon)","Ratz Hbr (District106)","Salmonidae","Oncorhynchus gorbuscha","Pink salmon"
"PSALMRESB","Pink salmon Resurrection Bay (Eastern D)","ADFG-PSALMRESB-1960-1998-HIVELY","ADFG","Unknown","USA","US Alaska (Pacific Salmon)","Resurrection Bay (Eastern D)","Salmonidae","Oncorhynchus gorbuscha","Pink salmon"
"PSALMROCKYROD","Pink salmon Rocky River (Outer D)","ADFG-PSALMROCKYROD-1960-1998-HIVELY","ADFG","Unknown","USA","US Alaska (Pacific Salmon)","Rocky River (Outer D)","Salmonidae","Oncorhynchus gorbuscha","Pink salmon"
"PSALMSAGINWB","Pink salmon Saginw By (District109)","ADFG-PSALMSAGINWB-1960-1998-HIVELY","ADFG","Unknown","USA","US Alaska (Pacific Salmon)","Saginw By (District109)","Salmonidae","Oncorhynchus gorbuscha","Pink salmon"
"PSALMSAKP","Pink salmon South AK Peninsula w/o Chignik","ADFG-PSALMSAKP-1950-2004-HIVELY","ADFG","Unknown","USA","US Alaska (Pacific Salmon)","South AK Peninsula w/o Chignik","Salmonidae","Oncorhynchus gorbuscha","Pink salmon"
"PSALMSALISBURY","Pink salmon Salisbury (District113)","ADFG-PSALMSALISBURY-1960-1998-HIVELY","ADFG","Unknown","USA","US Alaska (Pacific Salmon)","Salisbury (District113)","Salmonidae","Oncorhynchus gorbuscha","Pink salmon"
"PSALMSASHINCNI","Pink salmon Sashin Creek (Northern Inside)","ADFG-PSALMSASHINCNI-1950-1997-HIVELY","ADFG","Unknown","USA","US Alaska (Pacific Salmon)","Sashin Creek (Northern Inside)","Salmonidae","Oncorhynchus gorbuscha","Pink salmon"
"PSALMSBPCKD","Pink salmon Sunday and Browns Peak Creek (Kamishak D)","ADFG-PSALMSBPCKD-1960-1998-HIVELY","ADFG","Unknown","USA","US Alaska (Pacific Salmon)","Sunday and Browns Peak Creek (Kamishak D)","Salmonidae","Oncorhynchus gorbuscha","Pink salmon"
"PSALMSEAOTTER","Pink salmon SeaOtter (District103)","ADFG-PSALMSEAOTTER-1960-1998-HIVELY","ADFG","Unknown","USA","US Alaska (Pacific Salmon)","SeaOtter (District103)","Salmonidae","Oncorhynchus gorbuscha","Pink salmon"
"PSALMSEBARAN","Pink salmon SE Baran (District109)","ADFG-PSALMSEBARAN-1960-1998-HIVELY","ADFG","Unknown","USA","US Alaska (Pacific Salmon)","SE Baran (District109)","Salmonidae","Oncorhynchus gorbuscha","Pink salmon"
"PSALMSELDOVIAB","Pink salmon Seldovia Bay  (Southern D)","ADFG-PSALMSELDOVIAB-1960-1998-HIVELY","ADFG","Unknown","USA","US Alaska (Pacific Salmon)","Seldovia Bay  (Southern D)","Salmonidae","Oncorhynchus gorbuscha","Pink salmon"
"PSALMSEYMOUR","Pink salmon Seymour (District111)","ADFG-PSALMSEYMOUR-1960-1998-HIVELY","ADFG","Unknown","USA","US Alaska (Pacific Salmon)","Seymour (District111)","Salmonidae","Oncorhynchus gorbuscha","Pink salmon"
"PSALMSHAKTOOLIKNS","Pink salmon Shaktoolik (Norton Sound)","ADFG-PSALMSHAKTOOLIKNS-1961-2004-HIVELY","ADFG","Unknown","USA","US Alaska (Pacific Salmon)","Shaktoolik (Norton Sound)","Salmonidae","Oncorhynchus gorbuscha","Pink salmon"
"PSALMSHIPLEY","Pink salmon Shipley (District105)","ADFG-PSALMSHIPLEY-1960-1998-HIVELY","ADFG","Unknown","USA","US Alaska (Pacific Salmon)","Shipley (District105)","Salmonidae","Oncorhynchus gorbuscha","Pink salmon"
"PSALMSITKAS","Pink salmon Sitka Sd (District113)","ADFG-PSALMSITKAS-1960-1998-HIVELY","ADFG","Unknown","USA","US Alaska (Pacific Salmon)","Sitka Sd (District113)","Salmonidae","Oncorhynchus gorbuscha","Pink salmon"
"PSALMSITUKR","Pink salmon Situk River","ADFG-PSALMSITUKR-1961-1992-HIVELY","ADFG","Unknown","USA","US Alaska (Pacific Salmon)","Situk River","Salmonidae","Oncorhynchus gorbuscha","Pink salmon"
"PSALMSKAGPS","Pink salmon Skagit (Puget Sound)","WDFW-PSALMSKAGPS-1959-1997-HIVELY","WDFW","Unknown","USA","US West Coast (Pacific Salmon)","Skagit (Puget Sound)","Salmonidae","Oncorhynchus gorbuscha","Pink salmon"
"PSALMSLOCUM","Pink salmon Slocum (District113)","ADFG-PSALMSLOCUM-1960-1998-HIVELY","ADFG","Unknown","USA","US Alaska (Pacific Salmon)","Slocum (District113)","Salmonidae","Oncorhynchus gorbuscha","Pink salmon"
"PSALMSNAKER","Pink salmon Snake River","ADFG-PSALMSNAKER-1962-1984-HIVELY","ADFG","Unknown","USA","US Alaska (Pacific Salmon)","Snake River","Salmonidae","Oncorhynchus gorbuscha","Pink salmon"
"PSALMSNOHPS","Pink salmon Snohomish (Puget Sound)","WDFW-PSALMSNOHPS-1959-1997-HIVELY","WDFW","Unknown","USA","US West Coast (Pacific Salmon)","Snohomish (Puget Sound)","Salmonidae","Oncorhynchus gorbuscha","Pink salmon"
"PSALMSTEPHENS","Pink salmon Stephens (District111)","ADFG-PSALMSTEPHENS-1960-1998-HIVELY","ADFG","Unknown","USA","US Alaska (Pacific Salmon)","Stephens (District111)","Salmonidae","Oncorhynchus gorbuscha","Pink salmon"
"PSALMSTIKINE","Pink salmon Stikine (District108)","ADFG-PSALMSTIKINE-1960-1998-HIVELY","ADFG","Unknown","USA","US Alaska (Pacific Salmon)","Stikine (District108)","Salmonidae","Oncorhynchus gorbuscha","Pink salmon"
"PSALMSTILLAPS","Pink salmon Stillaguamish (Puget Sound)","WDFW-PSALMSTILLAPS-1959-1997-HIVELY","WDFW","Unknown","USA","US West Coast (Pacific Salmon)","Stillaguamish (Puget Sound)","Salmonidae","Oncorhynchus gorbuscha","Pink salmon"
"PSALMSWADMIR","Pink salmon SWAdmir (District112)","ADFG-PSALMSWADMIR-1960-1998-HIVELY","ADFG","Unknown","USA","US Alaska (Pacific Salmon)","SWAdmir (District112)","Salmonidae","Oncorhynchus gorbuscha","Pink salmon"
"PSALMTANAKEE","Pink salmon Tenakee (District112)","ADFG-PSALMTANAKEE-1960-1998-HIVELY","ADFG","Unknown","USA","US Alaska (Pacific Salmon)","Tenakee (District112)","Salmonidae","Oncorhynchus gorbuscha","Pink salmon"
"PSALMTEBENKOF","Pink salmon Tebenkof (District109)","ADFG-PSALMTEBENKOF-1960-1998-HIVELY","ADFG","Unknown","USA","US Alaska (Pacific Salmon)","Tebenkof (District109)","Salmonidae","Oncorhynchus gorbuscha","Pink salmon"
"PSALMTOTEMB","Pink salmon Totem By (District106)","ADFG-PSALMTOTEMB-1960-1998-HIVELY","ADFG","Unknown","USA","US Alaska (Pacific Salmon)","Totem By (District106)","Salmonidae","Oncorhynchus gorbuscha","Pink salmon"
"PSALMTUTKASD","Pink salmon Tutka (Southern D)","ADFG-PSALMTUTKASD-1960-1998-HIVELY","ADFG","Unknown","USA","US Alaska (Pacific Salmon)","Tutka (Southern D)","Salmonidae","Oncorhynchus gorbuscha","Pink salmon"
"PSALMUCOOKI","Pink salmon Upper Cook Inlet","ADFG-PSALMUCOOKI-1956-2004-HIVELY","ADFG","Unknown","USA","US Alaska (Pacific Salmon)","Upper Cook Inlet","Salmonidae","Oncorhynchus gorbuscha","Pink salmon"
"PSALMUNALAKLEETNS","Pink salmon Unalakleet (Norton Sound)","ADFG-PSALMUNALAKLEETNS-1960-2004-HIVELY","ADFG","Unknown","USA","US Alaska (Pacific Salmon)","Unalakleet (Norton Sound)","Salmonidae","Oncorhynchus gorbuscha","Pink salmon"
"PSALMUNIONB","Pink salmon Union By (District107)","ADFG-PSALMUNIONB-1960-1998-HIVELY","ADFG","Unknown","USA","US Alaska (Pacific Salmon)","Union By (District107)","Salmonidae","Oncorhynchus gorbuscha","Pink salmon"
"PSALMWADMIRAL","Pink salmon WAdmiral (District112)","ADFG-PSALMWADMIRAL-1960-1998-HIVELY","ADFG","Unknown","USA","US Alaska (Pacific Salmon)","WAdmiral (District112)","Salmonidae","Oncorhynchus gorbuscha","Pink salmon"
"PSALMWBEHM","Pink salmon WBehm (District 101)","ADFG-PSALMWBEHM-1960-1998-HIVELY","ADFG","Unknown","USA","US Alaska (Pacific Salmon)","WBehm (District 101)","Salmonidae","Oncorhynchus gorbuscha","Pink salmon"
"PSALMWCRAWFISH","Pink salmon Wcrawfish (District113)","ADFG-PSALMWCRAWFISH-1960-1998-HIVELY","ADFG","Unknown","USA","US Alaska (Pacific Salmon)","Wcrawfish (District113)","Salmonidae","Oncorhynchus gorbuscha","Pink salmon"
"PSALMWHALEB","Pink salmon Whale By (District113)","ADFG-PSALMWHALEB-1960-1998-HIVELY","ADFG","Unknown","USA","US Alaska (Pacific Salmon)","Whale By (District113)","Salmonidae","Oncorhynchus gorbuscha","Pink salmon"
"PSALMWHALEP","Pink salmon Whale Pe (District106)","ADFG-PSALMWHALEP-1960-1998-HIVELY","ADFG","Unknown","USA","US Alaska (Pacific Salmon)","Whale Pe (District106)","Salmonidae","Oncorhynchus gorbuscha","Pink salmon"
"PSALMWINDYC","Pink salmon Windy Creek (Outer D)","ADFG-PSALMWINDYC-1960-1998-HIVELY","ADFG","Unknown","USA","US Alaska (Pacific Salmon)","Windy Creek (Outer D)","Salmonidae","Oncorhynchus gorbuscha","Pink salmon"
"PSALMWOODR","Pink salmon Wood River","ADFG-PSALMWOODR-1962-1984-HIVELY","ADFG","Unknown","USA","US Alaska (Pacific Salmon)","Wood River","Salmonidae","Oncorhynchus gorbuscha","Pink salmon"
"PSOLEPCOAST","Petrale sole Pacific Coast","NWFSC-PSOLEPCOAST-1876-2015-SISIMP2016","NWFSC","SS3","USA","US West Coast","Pacific Coast","Pleuronectidae","Eopsetta jordani","Petrale sole"
"QUAHATLC","Ocean quahog Atlantic Coast","NEFSC-QUAHATLC-1978-2011-SISIMP2016","NEFSC","KLAMZ","USA","US East Coast","Atlantic Coast","Arcticidae","Arctica islandica","Ocean quahog"
"RDEEPCRABNWATL","Red deepsea crab Northwestern Atlantic","NEFSC-RDEEPCRABNWATL-1982-2008-CHUTE","NEFSC","Count","USA","US East Coast","Northwestern Atlantic","Geryonidae","Chaceon quinquedens","Red deepsea crab"
"REXSOLEGA","Rex sole Gulf of Alaska","AFSC-REXSOLEGA-1982-2014-SISIMP2016","AFSC","SS3","USA","US Alaska","Gulf of Alaska","Pleuronectidae","Glyptocephalus zachirus","Rex sole"
"REXSOLEPCOAST","Rex sole Pacific Coast","NWFSC-REXSOLEPCOAST-1896-2012-SISIMP2016","NWFSC","SS3","USA","US West Coast","Pacific Coast","Pleuronectidae","Glyptocephalus zachirus","Rex sole"
"REYEROCKBSAI","Rougheye rockfish Bering Sea and Aleutian Islands","AFSC-REYEROCKBSAI-1974-2015-HIVELY","AFSC","SCA","USA","US Alaska","Bering Sea and Aleutian Islands","Sebastidae","Sebastes aleutianus","Rougheye rockfish"
"REYEROCKGA","Rougheye rockfish Gulf of Alaska","AFSC-REYEROCKGA-1974-2010-STACHURA","AFSC","AD-CAM","USA","US Alaska","Gulf of Alaska","Sebastidae","Sebastes aleutianus","Rougheye rockfish"
"RGROUPGM","Red grouper Gulf of Mexico","SEFSC-RGROUPGM-1993-2013-SISIMP2016","SEFSC","SS3","USA","US Southeast and Gulf","Gulf of Mexico","Serranidae","Epinephelus morio","Red grouper"
"RGROUPSATL","Red grouper South Atlantic","SEFSC-RGROUPSATL-1976-2009-HIVELY","SEFSC","BAM","USA","US Southeast and Gulf","South Atlantic","Serranidae","Epinephelus morio","Red grouper"
"RHAKEGOMNGB","Red hake Gulf of Maine / Northern Georges Bank","NEFSC-RHAKEGOMNGB-1980-2014-SISIMP2016","NEFSC","Unknown","USA","US East Coast","Gulf of Maine / Northern Georges Bank","Phycidae","Urophycis chuss","Red hake"
"RHAKESGBMATL","Red hake Southern Georges Bank / Mid-Atlantic","NEFSC-RHAKESGBMATL-1980-2014-SISIMP2016","NEFSC","Unknown","USA","US East Coast","Southern Georges Bank / Mid-Atlantic","Phycidae","Urophycis chuss","Red hake"
"RKCRABBB","Red king crab Bristol Bay","AFSC-RKCRABBB-1975-2015-SISIMP2016","AFSC","Unknown","USA","US Alaska","Bristol Bay","Lithodidae","Paralithodes camtschaticus","Red king crab"
"RKCRABNS","Red king crab Norton Sound","AFSC-RKCRABNS-1976-2008-JENSEN","AFSC","LBA","USA","US Alaska","Norton Sound","Lithodidae","Paralithodes camtschaticus","Red king crab"
"RKCRABPI","Red king crab Pribilof Islands","AFSC-RKCRABPI-1981-2009-JENSEN","AFSC","Survey indices","USA","US Alaska","Pribilof Islands","Lithodidae","Paralithodes camtschaticus","Red king crab"
"RPORGYSATLC","Red porgy Southern Atlantic coast","SEFSC-RPORGYSATLC-1972-2012-HIVELY","SEFSC","BAM","USA","US Southeast and Gulf","Southern Atlantic coast","Sparidae","Pagrus pagrus","Red porgy"
"RSKATMATLC","Rosette skate Mid-Atlantic Coast","NEFSC-RSKATMATLC-1967-2005-SOSEBEE","NEFSC","Survey indices","USA","US East Coast","Mid-Atlantic Coast","Rajidae","Leucoraja garmani","Rosette skate"
"RSNAPGM","Red snapper Gulf of Mexico","SEFSC-RSNAPGM-1872-2013-SISIMP2016","SEFSC","SS3","USA","US Southeast and Gulf","Gulf of Mexico","Lutjanidae","Lutjanus campechanus","Red snapper"
"RSNAPSATLC","Red snapper Southern Atlantic coast","SEFSC-RSNAPSATLC-1950-2014-SISIMP2016","SEFSC","BAM","USA","US Southeast and Gulf","Southern Atlantic coast","Lutjanidae","Lutjanus campechanus","Red snapper"
"RSOLEGA","Rock sole Gulf of Alaska","AFSC-RSOLEGA-1977-2015-SISIMP2016","AFSC","SS3","USA","US Alaska","Gulf of Alaska","Pleuronectidae","Lepidopsetta bilineata","Rock sole"
"SABLEFEBSAIGA","Sablefish Eastern Bering Sea / Aleutian Islands / Gulf of Alaska","AFSC-SABLEFEBSAIGA-1960-2015-SISIMP2016","AFSC","Unknown","USA","US Alaska","Eastern Bering Sea / Aleutian Islands / Gulf of Alaska","Anoplopomatidae","Anoplopoma fimbria","Sablefish"
"SABLEFPCOAST","Sablefish Pacific Coast","NWFSC-SABLEFPCOAST-1900-2015-SISIMP2016","NWFSC","SS3","USA","US West Coast","Pacific Coast","Anoplopomatidae","Anoplopoma fimbria","Sablefish"
"SARDPCOAST","Pacific sardine Pacific Coast","SWFSC-SARDPCOAST-1994-2016-SISIMP2016","SWFSC","SS3","USA","US West Coast","Pacific Coast","Clupeidae","Sardinops sagax","Pacific sardine"
"SBARSHARATL","Sandbar shark Atlantic","SEFSC-SBARSHARATL-1960-2009-SISIMP2016","SEFSC","Unknown","USA","US Southeast and Gulf","Atlantic","Carcharhinidae","Carcharhinus plumbeus","Sandbar shark"
"SBELLYROCKPCOAST","Shortbelly rockfish Pacific Coast","SWFSC-SBELLYROCKPCOAST-1950-2005-BRANCH","SWFSC","SS2","USA","US West Coast","Pacific Coast","Sebastidae","Sebastes jordani","Shortbelly rockfish"
"SCALL5ZMAB","Sea scallop Georges Bank and Mid-Atlantic Bight","NEFSC-SCALL5ZMAB-1964-2013-HIVELY","NEFSC","SYM","USA","US East Coast","Georges Bank and Mid-Atlantic Bight","Pectinidae","Placopecten magellanicus","Sea scallop"
"SCHHEADATL","Scalloped hammerhead Atlantic","SEFSC-SCHHEADATL-1981-2005-SISIMP2016","SEFSC","Unknown","USA","US East Coast","Atlantic","Sphyrnidae","Sphyrna lewini","Scalloped hammerhead"
"SCUPNWATLC","Scup Northwestern Atlantic Coast","NEFSC-SCUPNWATLC-1984-2014-SISIMP2016","NEFSC","ASAP","USA","US East Coast","Northwestern Atlantic Coast","Sparidae","Stenotomus chrysops","Scup"
"SDOGATLC","Spiny dogfish Atlantic Coast","NEFSC-SDOGATLC-1991-2015-SISIMP2016","NEFSC","Unknown","USA","US East Coast","Atlantic Coast","Squalidae","Squalus acanthias","Spiny dogfish"
"SFLOUNMATLC","Summer flounder Mid-Atlantic Coast","NEFSC-SFLOUNMATLC-1982-2014-SISIMP2016","NEFSC","ASAP","USA","US East Coast","Mid-Atlantic Coast","Paralichthyidae","Paralichthys dentatus","Summer flounder"
"SHAKEGOMNGB","Silver hake Gulf of Maine / Georges Bank","NEFSC-SHAKEGOMNGB-1963-2013-SISIMP2016","NEFSC","Unknown","USA","US East Coast","Gulf of Maine / Georges Bank","Merlucciidae","Merluccius bilinearis","Silver hake"
"SHAKESGBMATL","Silver hake Southern Georges Bank / Mid-Atlantic","NEFSC-SHAKESGBMATL-1963-2013-SISIMP2016","NEFSC","Unknown","USA","US East Coast","Southern Georges Bank / Mid-Atlantic","Merlucciidae","Merluccius bilinearis","Silver hake"
"SHCROCKPCOAST","Sharpchin rockfish Pacific Coast","NWFSC-SHCROCKPCOAST-1892-2012-SISIMP2016","NWFSC","SS3","USA","US West Coast","Pacific Coast","Sebastidae","Sebastes zacentrus","Sharpchin rockfish"
"SKSNAPCARIB","Silk snapper Caribbean","SEFSC-SKSNAPCARIB-1983-2009-SISIMP2016","SEFSC","Unknown","USA","US Southeast and Gulf","Caribbean","Lutjanidae","Lutjanus vivanus","Silk snapper"
"SMDOGATL","Smooth dogfish Atlantic","SEFSC-SMDOGATL-1981-2012-SISIMP2016","SEFSC","SS3","USA","US East Coast","Atlantic","Triakidae","Mustelus canis","Smooth dogfish"
"SNOSESHARATL","Atlantic sharpnose shark Atlantic","SEFSC-SNOSESHARATL-1950-2005-FAUCONNET","SEFSC","ASPM","USA","US Southeast and Gulf","Atlantic","Carcharhinidae","Rhizoprionodon terraenovae","Atlantic sharpnose shark"
"SNOWCRABBS","Snow crab Bering Sea","AFSC-SNOWCRABBS-1979-2015-SISIMP2016","AFSC","Unknown","USA","US Alaska","Bering Sea","Oregoniidae","Chionoecetes opilio","Snow crab"
"SNOWGROUPSATLC","Snowy grouper Southern Atlantic coast","SEFSC-SNOWGROUPSATLC-1974-2013-HIVELY","SEFSC","BAM","USA","US Southeast and Gulf","Southern Atlantic coast","Serranidae","Hyporthodus niveatus","Snowy grouper"
"SNROCKPCOAST","Splitnose rockfish Pacific Coast","NWFSC-SNROCKPCOAST-1905-2009-STANTON","NWFSC","SS3","USA","US West Coast","Pacific Coast","Sebastidae","Sebastes diploproa","Splitnose rockfish"
"SPANMACKGM","Spanish mackerel Gulf of Mexico","SEFSC-SPANMACKGM-1886-2011-HIVELY","SEFSC","SS3","USA","US Southeast and Gulf","Gulf of Mexico","Scombridae","Scomberomorus maculatus","Spanish mackerel"
"SPANMACKSATLC","Spanish mackerel Southern Atlantic coast","SEFSC-SPANMACKSATLC-1950-2012-HIVELY","SEFSC","ASPIC","USA","US Southeast and Gulf","Southern Atlantic coast","Scombridae","Scomberomorus maculatus","Spanish mackerel"
"SPSDOGPCOAST","Spotted spiny dogfish Pacific Coast","NWFSC-SPSDOGPCOAST-1916-2011-STACHURA","NWFSC","SS3","USA","US West Coast","Pacific Coast","Squalidae","Squalus suckleyi","Spotted spiny dogfish"
"SRAKEROCKBSAI","Shortraker rockfish Bering Sea and Aleutian Islands","AFSC-SRAKEROCKBSAI-2004-2014-SISIMP2016","AFSC","Unknown","USA","US Alaska","Bering Sea and Aleutian Islands","Sebastidae","Sebastes borealis","Shortraker rockfish"
"SRAKEROCKGA","Shortraker rockfish Gulf of Alaska","AFSC-SRAKEROCKGA-1993-2014-SISIMP2016","AFSC","Unknown","USA","US Alaska","Gulf of Alaska","Sebastidae","Sebastes borealis","Shortraker rockfish"
"SSALMAKALURAL","Sockeye salmon Akalura Lake","ADFG-SSALMAKALURAL-1970-2003-HIVELY","ADFG","Unknown","USA","US Alaska (Pacific Salmon)","Akalura Lake","Salmonidae","Oncorhynchus nerka","Sockeye salmon"
"SSALMAWKER","Sockeye salmon Akwe River","ADFG-SSALMAWKER-1973-2002-HIVELY","ADFG","Unknown","USA","US Alaska (Pacific Salmon)","Akwe River","Salmonidae","Oncorhynchus nerka","Sockeye salmon"
"SSALMBEARR","Sockeye salmon Bear River","ADFG-SSALMBEARR-1980-2005-HIVELY","ADFG","Unknown","USA","US Alaska (Pacific Salmon)","Bear River","Salmonidae","Oncorhynchus nerka","Sockeye salmon"
"SSALMBLACKL","Sockeye salmon Black Lake","ADFG-SSALMBLACKL-1918-1999-HIVELY","ADFG","Unknown","USA","US Alaska (Pacific Salmon)","Black Lake","Salmonidae","Oncorhynchus nerka","Sockeye salmon"
"SSALMBRANCH","Sockeye salmon Branch","ADFG-SSALMBRANCH-1956-2005-HIVELY","ADFG","Unknown","USA","US Alaska (Pacific Salmon)","Branch","Salmonidae","Oncorhynchus nerka","Sockeye salmon"
"SSALMBUSKINL","Sockeye salmon Buskin Lake","ADFG-SSALMBUSKINL-1990-2003-HIVELY","ADFG","Unknown","USA","US Alaska (Pacific Salmon)","Buskin Lake","Salmonidae","Oncorhynchus nerka","Sockeye salmon"
"SSALMCHIGNIKL","Sockeye salmon Chignik Lake","ADFG-SSALMCHIGNIKL-1918-1999-HIVELY","ADFG","Unknown","USA","US Alaska (Pacific Salmon)","Chignik Lake","Salmonidae","Oncorhynchus nerka","Sockeye salmon"
"SSALMCHILKATL","Sockeye salmon Chilkat Lake","ADFG-SSALMCHILKATL-1976-2002-HIVELY","ADFG","Unknown","USA","US Alaska (Pacific Salmon)","Chilkat Lake","Salmonidae","Oncorhynchus nerka","Sockeye salmon"
"SSALMCHILKOOTL","Sockeye salmon Chilkoot Lake","ADFG-SSALMCHILKOOTL-1976-2002-HIVELY","ADFG","Unknown","USA","US Alaska (Pacific Salmon)","Chilkoot Lake","Salmonidae","Oncorhynchus nerka","Sockeye salmon"
"SSALMCOLR","Sockeye salmon Columbia R","WDFW-SSALMCOLR-1950-2002-HIVELY","WDFW","Unknown","USA","US West Coast (Pacific Salmon)","Columbia R","Salmonidae","Oncorhynchus nerka","Sockeye salmon"
"SSALMEALSEKDR","Sockeye salmon East-Alsek-Doame River","ADFG-SSALMEALSEKDR-1972-2002-HIVELY","ADFG","Unknown","USA","US Alaska (Pacific Salmon)","East-Alsek-Doame River","Salmonidae","Oncorhynchus nerka","Sockeye salmon"
"SSALMEGEGIK","Sockeye salmon Egegik","ADFG-SSALMEGEGIK-1953-2005-HIVELY","ADFG","Unknown","USA","US Alaska (Pacific Salmon)","Egegik","Salmonidae","Oncorhynchus nerka","Sockeye salmon"
"SSALMEUPPERS","Sockeye salmon Early Upper Station","ADFG-SSALMEUPPERS-1969-1999-HIVELY","ADFG","Unknown","USA","US Alaska (Pacific Salmon)","Early Upper Station","Salmonidae","Oncorhynchus nerka","Sockeye salmon"
"SSALMIGUSHIK","Sockeye salmon Igushik River","ADFG-SSALMIGUSHIK-1953-2005-HIVELY","ADFG","Unknown","USA","US Alaska (Pacific Salmon)","Igushik River","Salmonidae","Oncorhynchus nerka","Sockeye salmon"
"SSALMILNIKR","Sockeye salmon Ilnik River","ADFG-SSALMILNIKR-1991-2005-HIVELY","ADFG","Unknown","USA","US Alaska (Pacific Salmon)","Ilnik River","Salmonidae","Oncorhynchus nerka","Sockeye salmon"
"SSALMITALOR","Sockeye salmon Italo River","ADFG-SSALMITALOR-1972-2002-HIVELY","ADFG","Unknown","USA","US Alaska (Pacific Salmon)","Italo River","Salmonidae","Oncorhynchus nerka","Sockeye salmon"
"SSALMKARLUKL","Sockeye salmon Karluk Lake","ADFG-SSALMKARLUKL-1976-2003-HIVELY","ADFG","Unknown","USA","US Alaska (Pacific Salmon)","Karluk Lake","Salmonidae","Oncorhynchus nerka","Sockeye salmon"
"SSALMKLUKSHUR","Sockeye salmon Klukshu River","ADFG-SSALMKLUKSHUR-1976-2002-HIVELY","ADFG","Unknown","USA","US Alaska (Pacific Salmon)","Klukshu River","Salmonidae","Oncorhynchus nerka","Sockeye salmon"
"SSALMKUSKOKWIM","Sockeye salmon Kuskokwim","ADFG-SSALMKUSKOKWIM-1981-2003-HIVELY","ADFG","Unknown","USA","US Alaska (Pacific Salmon)","Kuskokwim","Salmonidae","Oncorhynchus nerka","Sockeye salmon"
"SSALMKVICHAK","Sockeye salmon Kvichak","ADFG-SSALMKVICHAK-1952-2005-HIVELY","ADFG","Unknown","USA","US Alaska (Pacific Salmon)","Kvichak","Salmonidae","Oncorhynchus nerka","Sockeye salmon"
"SSALMLOSTR","Sockeye salmon Lost River","ADFG-SSALMLOSTR-1972-2002-HIVELY","ADFG","Unknown","USA","US Alaska (Pacific Salmon)","Lost River","Salmonidae","Oncorhynchus nerka","Sockeye salmon"
"SSALMLRIVER","Sockeye salmon Little River","ADFG-SSALMLRIVER-1975-2004-HIVELY","ADFG","Unknown","USA","US Alaska (Pacific Salmon)","Little River","Salmonidae","Oncorhynchus nerka","Sockeye salmon"
"SSALMLUPPERS","Sockeye salmon Late Upper Station","ADFG-SSALMLUPPERS-1970-1999-HIVELY","ADFG","Unknown","USA","US Alaska (Pacific Salmon)","Late Upper Station","Salmonidae","Oncorhynchus nerka","Sockeye salmon"
"SSALMLWASH","Sockeye salmon Lake Washington","WDFW-SSALMLWASH-1967-2003-HIVELY","WDFW","Unknown","USA","US West Coast (Pacific Salmon)","Lake Washington","Salmonidae","Oncorhynchus nerka","Sockeye salmon"
"SSALMMALINAL","Sockeye salmon Malina Lake","ADFG-SSALMMALINAL-1969-2004-HIVELY","ADFG","Unknown","USA","US Alaska (Pacific Salmon)","Malina Lake","Salmonidae","Oncorhynchus nerka","Sockeye salmon"
"SSALMMCDONALD","Sockeye salmon McDonald","ADFG-SSALMMCDONALD-1982-2001-HIVELY","ADFG","Unknown","USA","US Alaska (Pacific Salmon)","McDonald","Salmonidae","Oncorhynchus nerka","Sockeye salmon"
"SSALMNAKNEK","Sockeye salmon Naknek","ADFG-SSALMNAKNEK-1953-2005-HIVELY","ADFG","Unknown","USA","US Alaska (Pacific Salmon)","Naknek","Salmonidae","Oncorhynchus nerka","Sockeye salmon"
"SSALMNELSONR","Sockeye salmon Nelson River","ADFG-SSALMNELSONR-1981-2005-HIVELY","ADFG","Unknown","USA","US Alaska (Pacific Salmon)","Nelson River","Salmonidae","Oncorhynchus nerka","Sockeye salmon"
"SSALMNUSHAGAK","Sockeye salmon Nushagak","ADFG-SSALMNUSHAGAK-1952-2005-HIVELY","ADFG","Unknown","USA","US Alaska (Pacific Salmon)","Nushagak","Salmonidae","Oncorhynchus nerka","Sockeye salmon"
"SSALMNUYAKUK","Sockeye salmon Nuyakuk","ADFG-SSALMNUYAKUK-1952-1988-HIVELY","ADFG","Unknown","USA","US Alaska (Pacific Salmon)","Nuyakuk","Salmonidae","Oncorhynchus nerka","Sockeye salmon"
"SSALMORZINSKIL","Sockeye salmon Orzinski Lake","ADFG-SSALMORZINSKIL-1990-2005-HIVELY","ADFG","Unknown","USA","US Alaska (Pacific Salmon)","Orzinski Lake","Salmonidae","Oncorhynchus nerka","Sockeye salmon"
"SSALMPASAGSHAKR","Sockeye salmon Pasagshak River","ADFG-SSALMPASAGSHAKR-1968-2003-HIVELY","ADFG","Unknown","USA","US Alaska (Pacific Salmon)","Pasagshak River","Salmonidae","Oncorhynchus nerka","Sockeye salmon"
"SSALMPAULSBD","Sockeye salmon Pauls Bay Drainage","ADFG-SSALMPAULSBD-1969-2004-HIVELY","ADFG","Unknown","USA","US Alaska (Pacific Salmon)","Pauls Bay Drainage","Salmonidae","Oncorhynchus nerka","Sockeye salmon"
"SSALMQUIN","Sockeye salmon Quinault","WDFW-SSALMQUIN-1975-2003-HIVELY","WDFW","Unknown","USA","US West Coast (Pacific Salmon)","Quinault","Salmonidae","Oncorhynchus nerka","Sockeye salmon"
"SSALMREDOUBTL","Sockeye salmon Redoubt Lake","ADFG-SSALMREDOUBTL-1979-2002-HIVELY","ADFG","Unknown","USA","US Alaska (Pacific Salmon)","Redoubt Lake","Salmonidae","Oncorhynchus nerka","Sockeye salmon"
"SSALMSALTERYL","Sockeye salmon Saltery Lake","ADFG-SSALMSALTERYL-1976-2003-HIVELY","ADFG","Unknown","USA","US Alaska (Pacific Salmon)","Saltery Lake","Salmonidae","Oncorhynchus nerka","Sockeye salmon"
"SSALMSANDYR","Sockeye salmon Sandy River","ADFG-SSALMSANDYR-1994-2005-HIVELY","ADFG","Unknown","USA","US Alaska (Pacific Salmon)","Sandy River","Salmonidae","Oncorhynchus nerka","Sockeye salmon"
"SSALMSITUKR","Sockeye salmon Situk River","ADFG-SSALMSITUKR-1976-2002-HIVELY","ADFG","Unknown","USA","US Alaska (Pacific Salmon)","Situk River","Salmonidae","Oncorhynchus nerka","Sockeye salmon"
"SSALMSPEELL","Sockeye salmon Speel Lake","ADFG-SSALMSPEELL-1983-2002-HIVELY","ADFG","Unknown","USA","US Alaska (Pacific Salmon)","Speel Lake","Salmonidae","Oncorhynchus nerka","Sockeye salmon"
"SSALMSTIKINE","Sockeye salmon Stikine (District108)","ADFG-SSALMSTIKINE-1982-2001-HIVELY","ADFG","Unknown","USA","US Alaska (Pacific Salmon)","Stikine (District108)","Salmonidae","Oncorhynchus nerka","Sockeye salmon"
"SSALMTAHLTAN","Sockeye salmon Tahltan","ADFG-SSALMTAHLTAN-1979-2004-HIVELY","ADFG","Unknown","USA","US Alaska (Pacific Salmon)","Tahltan","Salmonidae","Oncorhynchus nerka","Sockeye salmon"
"SSALMTAKUR","Sockeye salmon Taku River","ADFG-SSALMTAKUR-1984-2002-HIVELY","ADFG","Unknown","USA","US Alaska (Pacific Salmon)","Taku River","Salmonidae","Oncorhynchus nerka","Sockeye salmon"
"SSALMTOGIAK","Sockeye salmon Togiak","ADFG-SSALMTOGIAK-1953-2005-HIVELY","ADFG","Unknown","USA","US Alaska (Pacific Salmon)","Togiak","Salmonidae","Oncorhynchus nerka","Sockeye salmon"
"SSALMUCOOKI","Sockeye salmon Upper Cook Inlet","ADFG-SSALMUCOOKI-1964-1998-HIVELY","ADFG","Unknown","USA","US Alaska (Pacific Salmon)","Upper Cook Inlet","Salmonidae","Oncorhynchus nerka","Sockeye salmon"
"SSALMUGANIKL","Sockeye salmon Uganik Lake","ADFG-SSALMUGANIKL-1974-2003-HIVELY","ADFG","Unknown","USA","US Alaska (Pacific Salmon)","Uganik Lake","Salmonidae","Oncorhynchus nerka","Sockeye salmon"
"SSALMUGASHIK","Sockeye salmon Ugashik","ADFG-SSALMUGASHIK-1953-2005-HIVELY","ADFG","Unknown","USA","US Alaska (Pacific Salmon)","Ugashik","Salmonidae","Oncorhynchus nerka","Sockeye salmon"
"SSALMWOOD","Sockeye salmon Wood","ADFG-SSALMWOOD-1953-2005-HIVELY","ADFG","Unknown","USA","US Alaska (Pacific Salmon)","Wood","Salmonidae","Oncorhynchus nerka","Sockeye salmon"
"SSKAT5YZSNE","Smooth skate Gulf of Maine / Georges Bank-Southern New England","NEFSC-SSKAT5YZSNE-1963-2005-SOSEBEE","NEFSC","Survey indices","USA","US East Coast","Gulf of Maine / Georges Bank-Southern New England","Rajidae","Malacoraja senta","Smooth skate"
"SSTHORNHGA","Shortspine thornyhead Gulf of Alaska","AFSC-SSTHORNHGA-1980-2014-SISIMP2016","AFSC","Unknown","USA","US Alaska","Gulf of Alaska","Sebastidae","Sebastolobus alascanus","Shortspine thornyhead"
"SSTHORNHPCOAST","Shortspine thornyhead Pacific Coast","NWFSC-SSTHORNHPCOAST-1901-2013-SISIMP2016","NWFSC","SS3","USA","US West Coast","Pacific Coast","Sebastidae","Sebastolobus alascanus","Shortspine thornyhead"
"STFLOUNNPCOAST","Starry flounder Northern Pacific Coast","SWFSC-STFLOUNNPCOAST-1970-2005-STANTON","SWFSC","SS2","USA","US West Coast","Northern Pacific Coast","Pleuronectidae","Platichthys stellatus","Starry flounder"
"STFLOUNSPCOAST","Starry flounder Southern Pacific Coast","SWFSC-STFLOUNSPCOAST-1970-2005-STANTON","SWFSC","SS2","USA","US West Coast","Southern Pacific Coast","Pleuronectidae","Platichthys stellatus","Starry flounder"
"STRIPEDBASSGOMCHATT","Striped bass Gulf of Maine / Cape Hatteras","NEFSC-STRIPEDBASSGOMCHATT-1981-2012-HIVELY","NEFSC","SCA","USA","US East Coast","Gulf of Maine / Cape Hatteras","Moronidae","Morone saxatilis","Striped bass"
"SURFMATLC","Atlantic surfclam Mid-Atlantic Coast","NEFSC-SURFMATLC-1982-2011-SISIMP2016","NEFSC","SS2","USA","US East Coast","Mid-Atlantic Coast","Mactridae","Spisula solidissima","Atlantic surfclam"
"TANNERCRABBSAI","Tanner crab Bering Sea and Aleutian Islands","AFSC-TANNERCRABBSAI-1965-2015-SISIMP2016","AFSC","Unknown","USA","US Alaska","Bering Sea and Aleutian Islands","Oregoniidae","Chionoecetes bairdi","Tanner crab"
"TILEGM","Tilefish Gulf of Mexico","SEFSC-TILEGM-1965-2009-HIVELY","SEFSC","SS3","USA","US Southeast and Gulf","Gulf of Mexico","Malacanthidae","Lopholatilus chamaeleonticeps","Tilefish"
"TILEMATLC","Tilefish Mid-Atlantic Coast","NEFSC-TILEMATLC-1915-2012-HIVELY","NEFSC","ASAP","USA","US East Coast","Mid-Atlantic Coast","Malacanthidae","Lopholatilus chamaeleonticeps","Tilefish"
"TILESATLC","Tilefish Southern Atlantic coast","SEFSC-TILESATLC-1962-2014-SISIMP2016","SEFSC","BAM","USA","US Southeast and Gulf","Southern Atlantic coast","Malacanthidae","Lopholatilus chamaeleonticeps","Tilefish"
"TSKAT5YZSNE","Thorny skate Gulf of Maine / Georges Bank-Southern New England","NEFSC-TSKAT5YZSNE-1963-2005-SOSEBEE","NEFSC","Survey indices","USA","US East Coast","Gulf of Maine / Georges Bank-Southern New England","Rajidae","Amblyraja radiata","Thorny skate"
"VSNAPGM","Vermilion snapper Gulf of Mexico","SEFSC-VSNAPGM-1950-2014-SISIMP2016","SEFSC","SS3","USA","US Southeast and Gulf","Gulf of Mexico","Lutjanidae","Rhomboplites aurorubens","Vermilion snapper"
"VSNAPSATLC","Vermilion snapper Southern Atlantic coast","SEFSC-VSNAPSATLC-1945-2012-HIVELY","SEFSC","BAM","USA","US Southeast and Gulf","Southern Atlantic coast","Lutjanidae","Rhomboplites aurorubens","Vermilion snapper"
"WEAKFISHATLC","Weakfish Atlantic Coast","NEFSC-WEAKFISHATLC-1981-2008-STANTON","NEFSC","ADAPT","USA","US East Coast","Atlantic Coast","Sciaenidae","Cynoscion regalis","Weakfish"
"WHAKEGBGOM","White hake Gulf of Maine / Georges Bank","NEFSC-WHAKEGBGOM-1963-2014-SISIMP2016","NEFSC","ASAP","USA","US East Coast","Gulf of Maine / Georges Bank","Phycidae","Urophycis tenuis","White hake"
"WINDOWGOMGB","Windowpane flounder Gulf of Maine / Georges Bank","NEFSC-WINDOWGOMGB-1975-2014-SISIMP2016","NEFSC","AIM","USA","US East Coast","Gulf of Maine / Georges Bank","Scophthalmidae","Scophthalmus aquosus","Windowpane flounder"
"WINDOWSNEMATL","Windowpane flounder Southern New England /Mid Atlantic","NEFSC-WINDOWSNEMATL-1975-2014-SISIMP2016","NEFSC","AIM","USA","US East Coast","Southern New England /Mid Atlantic","Scophthalmidae","Scophthalmus aquosus","Windowpane flounder"
"WINFLOUN5Z","Winter flounder Georges Bank","NEFSC-WINFLOUN5Z-1982-2014-SISIMP2016","NEFSC","ADAPT","USA","US East Coast","Georges Bank","Pleuronectidae","Pseudopleuronectes americanus","Winter flounder"
"WINFLOUND5Y","Winter flounder Gulf of Maine","NEFSC-WINFLOUND5Y-2009-2014-SISIMP2016","NEFSC","Unknown","USA","US East Coast","Gulf of Maine","Pleuronectidae","Pseudopleuronectes americanus","Winter flounder"
"WINFLOUNSNEMATL","Winter flounder Southern New England /Mid Atlantic","NEFSC-WINFLOUNSNEMATL-1980-2013-SISIMP2016","NEFSC","ASAP","USA","US East Coast","Southern New England /Mid Atlantic","Pleuronectidae","Pseudopleuronectes americanus","Winter flounder"
"WITFLOUN5Y","Witch flounder Gulf of Maine","NEFSC-WITFLOUN5Y-1982-2014-SISIMP2016","NEFSC","VPA","USA","US East Coast","Gulf of Maine","Pleuronectidae","Glyptocephalus cynoglossus","Witch flounder"
"WPOLLAI","Walleye pollock Aleutian Islands","AFSC-WPOLLAI-1978-2015-SISIMP2016","AFSC","Unknown","USA","US Alaska","Aleutian Islands","Gadidae","Gadus chalcogrammus","Walleye pollock"
"WPOLLBOGO","Walleye pollock Bogoslof","AFSC-WPOLLBOGO-1977-2014-SISIMP2016","AFSC","Unknown","USA","US Alaska","Bogoslof","Gadidae","Gadus chalcogrammus","Walleye pollock"
"WPOLLEBS","Walleye pollock Eastern Bering Sea","AFSC-WPOLLEBS-1963-2015-HIVELY","AFSC","IA","USA","US Alaska","Eastern Bering Sea","Gadidae","Gadus chalcogrammus","Walleye pollock"
"WPOLLGA","Walleye pollock Gulf of Alaska","AFSC-WPOLLGA-1970-2015-SISIMP2016","AFSC","Unknown","USA","US Alaska","Gulf of Alaska","Gadidae","Gadus chalcogrammus","Walleye pollock"
"WROCKPCOAST","Widow rockfish Pacific Coast","NWFSC-WROCKPCOAST-1916-2015-SISIMP2016","NWFSC","SS3","USA","US West Coast","Pacific Coast","Sebastidae","Sebastes entomelas","Widow rockfish"
"WSHRIMPGM","White shrimp Gulf of Mexico","SEFSC-WSHRIMPGM-1984-2014-SISIMP2016","SEFSC","SS3","USA","US Southeast and Gulf","Gulf of Mexico","Penaeidae","Litopenaeus setiferus","White shrimp"
"WSKAT5YCHATT","Winter skate Gulf of Maine / Cape Hatteras","NEFSC-WSKAT5YCHATT-1967-2005-SOSEBEE","NEFSC","Survey indices","USA","US East Coast","Gulf of Maine / Cape Hatteras","Rajidae","Leucoraja ocellata","Winter skate"
"WVSCALLALASKA","Weathervane scallop Alaska","AFSC-WVSCALLALASKA-1994-2015-SISIMP2016","AFSC","Unknown","USA","US Alaska","Alaska","Pectinidae","Patinopecten caurinus","Weathervane scallop"
"YEGROUPGM","Yellowedge grouper Gulf of Mexico","SEFSC-YEGROUPGM-1975-2009-HIVELY","SEFSC","SS3","USA","US Southeast and Gulf","Gulf of Mexico","Serranidae","Hyporthodus flavolimbatus","Yellowedge grouper"
"YELLCCODGOM","Yellowtail flounder Cape Cod / Gulf of Maine","NEFSC-YELLCCODGOM-1985-2014-SISIMP2016","NEFSC","VPA","USA","US East Coast","Cape Cod / Gulf of Maine","Pleuronectidae","Limanda ferruginea","Yellowtail flounder"
"YELLGB","Yellowtail flounder Georges Bank","NEFSC-YELLGB-1935-2015-WATSON","NEFSC","SURBA","USA","US East Coast","Georges Bank","Pleuronectidae","Limanda ferruginea","Yellowtail flounder"
"YELLSNEMATL","Yellowtail flounder Southern New England /Mid Atlantic","NEFSC-YELLSNEMATL-1973-2014-SISIMP2016","NEFSC","ASAP","USA","US East Coast","Southern New England /Mid Atlantic","Pleuronectidae","Limanda ferruginea","Yellowtail flounder"
"YEYEROCKGA","Yelloweye rockfish Gulf of Alaska","AFSC-YEYEROCKGA-1990-2014-SISIMP2016","AFSC","Unknown","USA","US Alaska","Gulf of Alaska","Sebastidae","Sebastes ruberrimus","Yelloweye rockfish"
"YEYEROCKPCOAST","Yelloweye rockfish Pacific Coast","NWFSC-YEYEROCKPCOAST-1916-2015-SISIMP2016","NWFSC","SS3","USA","US West Coast","Pacific Coast","Sebastidae","Sebastes ruberrimus","Yelloweye rockfish"
"YSOLEBSAI","Yellowfin sole Bering Sea and Aleutian Islands","AFSC-YSOLEBSAI-1954-2015-SISIMP2016","AFSC","Unknown","USA","US Alaska","Bering Sea and Aleutian Islands","Pleuronectidae","Limanda aspera","Yellowfin sole"
"YTROCKNPCOAST","Yellowtail rockfish Northern Pacific Coast","NWFSC-YTROCKNPCOAST-1892-2012-SISIMP2016","NWFSC","SS3","USA","US West Coast","Northern Pacific Coast","Sebastidae","Sebastes flavidus","Yellowtail rockfish"
"YTSNAPSATLCGM","Yellowtail snapper Southern Atlantic coast and Gulf of Mexico","SEFSC-YTSNAPSATLCGM-1950-2011-HIVELY","SEFSC","ASAP","USA","US Southeast and Gulf","Southern Atlantic coast and Gulf of Mexico","Lutjanidae","Ocyurus chrysurus","Yellowtail snapper"
