"YEAR","STOCK_OR_COMPLEX","AREA","CATEGORY","PROBABILITY","ABC_BUFFER_FRACTION","OFL","ABC","ACL","STOCK_STATUS","NOTES","ASSESS_YEAR","ASSESS_TYPE","ASSESS_AUTHOR","SPR_HR","MOST_RECENT_STOCK_ASSESSMENT_LINK","SSC_REPORT_LINK","REBUILDING_ANALYSIS_LINK","UPDATED_HARVEST_SPECIFICATION_PROJECTIONS_LINK"
2023,"Quillback","CA","2 (Year Based)",.45,.126,,,,"Overfished","OFL projected using a 50% SPR harvest rate from the 2021 assessment of quillback rockfish in CA.&nbsp; Spex TBD once revised values are available.",2021,"Data-moderate","Langseth",,"","","",""
2023,"Yelloweye Rockfish","CW","1 (Year Based)",.4,.16,123,103,66,"Rebuilding","OFL projected using a 50% SPR harvest rate in the 2017 stock assessment.&nbsp; ACL projected using a 65% SPR harvest rate in the 2017 stock assessment.&nbsp; Sector-specific ACTs projected using a 70% SPR harvest rate in the 2017 stock assessment.",2017,"Full","Gertseva",,"=HYPERLINK(""https://www.pcouncil.org/documents/2017/12/stock-assessment-of-the-yelloweye-rockfish-sebastes-ruberrimus-in-state-and-federal-waters-off-california-oregon-and-washington.pdf/"",""2017 Yelloweye Rockfish Assessment"")","=HYPERLINK(""https://www.pcouncil.org/documents/2017/09/e8a_sup_ssc_rpt1_stock_assessments_sept2017bb.pdf/#page=3"",""SSC Report on the 2017 Yelloweye Rockfish Assessment"")","=HYPERLINK(""https://www.pcouncil.org/documents/2017/01/rebuilding-analysis-for-yelloweye-rockfish-sebastes-ruberrimus-based-on-the-2017-stock-assessment.pdf/"",""2017 Yelloweye Rockfish Rebuilding Analysis"")",""
2023,"Arrowtooth Flounder","CW","2 (Year Based)",.4,.294,26391,18632,18632,"Non-Overfished","OFL based on the 2021 catch-only update of the 2017 update assessment.",2017,"Update","Sampson",,"=HYPERLINK(""https://www.pcouncil.org/documents/2017/12/2017-assessment-update-for-the-us-west-coast-stock-of-arrowtooth-flounder.pdf/"",""2017 Arrowtooth Flounder Update Assessment"")","=HYPERLINK(""https://www.pcouncil.org/documents/2017/06/f4a_sup_ssc_rpt_assessents_final_jun2017bb-1.pdf/"",""SSC Report on the 2017 Arrowtooth Flounder Update Assessment"")","","=HYPERLINK(""https://www.pcouncil.org/documents/2021/08/c-6-attachment-9-catch-only-projection-for-arrowtooth-flounder-atheresthes-stomias-in-2021.pdf/"",""2021 arrowtooth flounder catch-only update"")"
2023,"Big Skate","CW","2 (Year Based)",.45,.143,1541,1320,1320,"Non-Overfished","OFL projected using a 50% SPR harvest rate in the 2019 big skate assessment.",2019,"Full","Taylor",,"=HYPERLINK(""https://www.pcouncil.org/documents/2019/10/status-of-big-skate-beringraja-binoculata-off-the-u-s-pacifc-coast-in-2019-october-2019.pdf/"",""2019 Big Skate Assessment"")","=HYPERLINK(""https://www.pcouncil.org/documents/2019/09/agenda-item-h-5-a-supplemental-ssc-report-1-2.pdf/"",""SSC Report on the 2019 Big Skate Assessment"")","",""
2023,"Black Rockfish","WA","1 (Year Based)",.45,.091,319,290,290,"Non-Overfished","OFL projected using a 50% SPR from the 2019 catch-only projection update.",2015,"Full","Cope",,"=HYPERLINK(""https://www.pcouncil.org/documents/2016/03/assessments-of-california-oregon-and-washington-stocks-of-black-rockfish-sebastes-melanops-in-2015-published-03-31-2016.pdf/"",""2015 Black Rockfish Assessment"")","=HYPERLINK(""https://www.pcouncil.org/documents/2007/09/g-groundfish-management-september-2007.pdf/#page=1515"",""SSC Report on the 2015 Black Rockfish Assessment"")","","=HYPERLINK(""https://www.pcouncil.org/documents/2019/09/agenda-item-h-5-attachment-15.pdf/"",""2019 Catch-Only Projection Update for Black Rockfish"")"
2023,"Black Rockfish","CA","1 (Year Based)",.45,.091,368,334,334,"Non-Overfished","OFL projected using a 50% SPR from the 2019 catch-only projection update.",2015,"Full","Cope",,"=HYPERLINK(""https://www.pcouncil.org/documents/2016/03/assessments-of-california-oregon-and-washington-stocks-of-black-rockfish-sebastes-melanops-in-2015-published-03-31-2016.pdf/"",""2015 Black Rockfish Assessment"")","=HYPERLINK(""https://www.pcouncil.org/documents/2007/09/g-groundfish-management-september-2007.pdf/#page=1515"",""SSC Report on the 2015 Black Rockfish Assessment"")","","=HYPERLINK(""https://www.pcouncil.org/documents/2019/09/agenda-item-h-5-attachment-15.pdf/"",""2019 Catch-Only Projection Update for Black Rockfish"")"
2023,"Bocaccio","S of 4010","1 (Year Based)",.45,.083,2009,1842,1842,"Non-Overfished","OFL projected using a 50% SPR from the 2019 updated harvest specification projections based on new sigmas with a 7.4% reduction to subtract the portion of the assessed stock north of 40&deg;10&rsquo; N. lat.&nbsp; ACL = ABC (P* = 0.45).<br />
&nbsp;",2017,"Update","He",,"=HYPERLINK(""https://www.pcouncil.org/documents/2017/02/stock-assessment-update-status-of-bocaccio-sebastes-paucispinis-in-the-conception-monterey-and-eureka-inpfc-areas-for-2017.pdf/"",""2017 Bocaccio Update Assessment"")","=HYPERLINK(""https://www.pcouncil.org/documents/2017/06/f4a_sup_ssc_rpt_assessents_final_jun2017bb-1.pdf/"",""SSC Recommendations on the 2017 Bocaccio Update Assessment"")","","=HYPERLINK(""https://www.pcouncil.org/documents/2019/09/agenda-item-h-8-supplemental-attachment-2.pdf/"",""2019 Updated Harvest Specification Projections for Bocaccio (Table 5) Based on New Sigmas"")"
2023,"Cabezon","CA","1 (Year Based)",.45,.074,197,182,182,"Non-Overfished","OFL projected using a 45% SPR from the 2019 assessment.<br />
&nbsp;",2019,"Full","Cope",,"=HYPERLINK(""https://www.pcouncil.org/documents/2019/10/assessing-cabezon-scorpaenichthys-marmoratus-stocks-in-waters-off-of-california-and-oregon-with-catch-limit-estimation-for-washington-state-10-18-2019.pdf/"",""2019 Cabezon Assessment"")","=HYPERLINK(""https://www.pcouncil.org/documents/2019/09/agenda-item-h-5-a-supplemental-ssc-report-1-2.pdf/"",""SSC Report on the 2019 Cabezon Assessment"")","",""
2023,"    Cabezon","3427 - 42","1 (Year Based)",.45,.074,175,162.05,,"Non-Overfished","OFL projected using a 45% SPR from the 2019 assessment.",2019,"Full","Cope",,"=HYPERLINK(""https://www.pcouncil.org/documents/2019/10/assessing-cabezon-scorpaenichthys-marmoratus-stocks-in-waters-off-of-california-and-oregon-with-catch-limit-estimation-for-washington-state-10-18-2019.pdf/"",""2019 Cabezon Assessment"")","=HYPERLINK(""https://www.pcouncil.org/documents/2019/09/agenda-item-h-5-a-supplemental-ssc-report-1-2.pdf/"",""SSC Report on the 2019 Cabezon Assessment"")","",""
2023,"    Cabezon","S of 3427","1 (Year Based)",.45,.074,21.7,20.0942,,"Non-Overfished","OFL projected using a 45% SPR from the 2019 assessment.",2019,"Full","Cope",,"=HYPERLINK(""https://www.pcouncil.org/documents/2019/10/assessing-cabezon-scorpaenichthys-marmoratus-stocks-in-waters-off-of-california-and-oregon-with-catch-limit-estimation-for-washington-state-10-18-2019.pdf/"",""2019 Cabezon Assessment"")","=HYPERLINK(""https://www.pcouncil.org/documents/2019/09/agenda-item-h-5-a-supplemental-ssc-report-1-2.pdf/"",""SSC Report on the 2019 Cabezon Assessment"")","",""
2023,"Cabezon/Kelp Greenling","WA","",,,25,20,20,"Non-Overfished","Sum of harvest specification contributions of component stocks in the complex.",,"","",,"","","",""
2023,"    Cabezon","WA","3 (Year Based)",.45,.222,18.3,14.2374,14.2374,"Non-Overfished","OFL based on a DB-SRA assessment in the 2019 assessment.<br />
&nbsp;",2019,"SSS","Cope",,"=HYPERLINK(""https://www.pcouncil.org/documents/2019/10/assessing-cabezon-scorpaenichthys-marmoratus-stocks-in-waters-off-of-california-and-oregon-with-catch-limit-estimation-for-washington-state-10-18-2019.pdf/"",""2019 Cabezon Assessment"")","=HYPERLINK(""https://www.pcouncil.org/documents/2019/09/agenda-item-h-5-a-supplemental-ssc-report-1-2.pdf/"",""SSC Report on the 2019 Cabezon Assessment"")","",""
2023,"    Kelp Greenling","WA","3 (Year Based)",.45,.222,7.1,5.5238,5.5238,"Unknown","OFL based on a 2015 DB-SRA estimate using a low vulnerability prior.<br />
&nbsp;",2015,"DBSRA","Dick",,"=HYPERLINK(""https://www.pcouncil.org/documents/2015/10/agenda-item-i-4-attachment-4-harvest-projections-for-select-west-coast-groundfish-species-used-to-inform-harvest-specifications-for-2017-and-beyond.pdf/#page=12"",""2015 DB-SRA estimate for WA kelp greenling"")","=HYPERLINK(""https://www.pcouncil.org/documents/2015/11/agenda-item-i-4-a-supplemental-ssc-report.pdf/"",""SSC report on the 2015 WA kelp greenling DB-SRA estimate"")","",""
2023,"Cabezon/Kelp Greenling","OR","",,,202,185,185,"Non-Overfished","Sum of harvest specification contributions of component stocks in the complex.",,"","",,"","","",""
2023,"    Cabezon","OR","1 (Year Based)",.45,.074,54.5,50.467,50.467,"Non-Overfished","OFL projected using a 45% SPR from the 2019 assessment.<br />
&nbsp;",2019,"Full","Berger",,"=HYPERLINK(""https://www.pcouncil.org/documents/2019/10/assessing-cabezon-scorpaenichthys-marmoratus-stocks-in-waters-off-of-california-and-oregon-with-catch-limit-estimation-for-washington-state-10-18-2019.pdf/"",""2019 Cabezon Assessment"")","=HYPERLINK(""https://www.pcouncil.org/documents/2019/09/agenda-item-h-5-a-supplemental-ssc-report-1-2.pdf/"",""SSC Report on the 2019 Cabezon Assessment"")","",""
2023,"    Kelp Greenling","OR","1 (Year Based)",.45,.091,147.569,134.1402,134.1402,"Non-Overfished","OFL projected in the 2021 catch-only update of the 2015 assessment.",2015,"Full","Berger",,"=HYPERLINK(""https://www.pcouncil.org/documents/2016/04/status-of-kelp-greenling-hexagrammos-decagrammus-along-the-oregon-coast-in-2015-november-17-2015.pdf/"",""2015 Oregon Kelp Greenling Assessment"")","=HYPERLINK(""https://www.pcouncil.org/documents/2015/09/agenda-item-h-3-a-supplemental-ssc-report.pdf/"",""Sept. 2015 SSC Report on the Oregon Kelp Greenling Assessment"")","","=HYPERLINK(""https://www.pcouncil.org/documents/2021/08/c-8-attachment-2-harvest-specification-projections-for-select-west-coast-groundfish-stocks-in-2023-and-beyond-informed-by-the-new-sigmas-implemented-in-2020.pdf/"",""2021 Updated Harvest Specification Projections for Oregon Kelp Greenling (Table 5) Based on New Sigmas."")"
2023,"California Scorpionfish","CW","CA Scorpionfish (Year Based)",.45,.096,290,262,262,"Non-Overfished","OFL from the 2019 catch-only update of the 2017 assessment.",2017,"Full","Monk",,"=HYPERLINK(""https://www.pcouncil.org/documents/2017/01/status-of-california-scorpionfish-scorpaena-guttata-off-southern-california-in-2017.pdf/"",""2017 CA Scorpionfish Assessment"")","=HYPERLINK(""https://www.pcouncil.org/documents/2017/09/e8a_sup_ssc_rpt1_stock_assessments_sept2017bb.pdf/"",""SSC Report on the 2017 CA Scorpionfish Assessment"")","","=HYPERLINK(""https://www.pcouncil.org/documents/2019/09/agenda-item-h-8-supplemental-attachment-2.pdf/"",""2019 Updated Harvest Specification Projections for California Scorpionfish (Table 6) Based on New Sigmas"")"
2023,"Canary Rockfish","CW","1 (Year Based)",.45,.091,1413,1284,1284,"Non-Overfished","OFL from the 2019 catch-only update of the 2015 assessment.",2015,"Full","Thorson",,"=HYPERLINK(""https://www.pcouncil.org/documents/2016/05/the-status-of-canary-rockfish-sebastes-pinniger-in-the-california-current-in-2015-march-2016.pdf/"",""2015 Canary Rockfish Assessment"")","=HYPERLINK(""https://www.pcouncil.org/documents/2015/06/agenda-item-d-8-a-supplemental-ssc-report.pdf/"",""SSC Report on the 2015 Canary Rockfish Assessment"")","","=HYPERLINK(""https://www.pcouncil.org/documents/2019/10/agenda-item-h-6-attachment-2-additional-projections-of-harvest-specifications-for-west-coast-groundfish-stocks-in-2021-and-beyond.pdf/"",""2019 Updated Harvest Specification Projections for Canary Rockfish (Table 2)"")"
2023,"Chilipepper","S of 4010","1 (Year Based)",.45,.091,2401,2183,2183,"Non-Overfished","OFL from the 2019 catch-only update of the 2015 assessment.&nbsp; OFLs are apportioned to the north (7%) and south (93%) of 40&deg;10&rsquo; N lat. based on average historical landings.<br />
&nbsp;",2015,"Update","Field",,"=HYPERLINK(""https://www.pcouncil.org/documents/2016/06/status-of-the-chilipepper-rockfish-sebastes-goodei-in-the-california-current-for-2015.pdf/"",""2015 Update Assessment of Chilipepper Rockfish"")","=HYPERLINK(""http://www.pcouncil.org/documents/2015/06/agenda-item-d-8-a-supplemental-ssc-report.pdf/"",""SSC Report on the 2015 Chilipepper Rockfish Update Assessment"")","","=HYPERLINK(""https://www.pcouncil.org/documents/2019/09/agenda-item-h-8-supplemental-attachment-2.pdf/"",""2019 Updated Harvest Specification Projections for Chilipepper Rockfish (Table 7)"")"
2023,"Cowcod","S of 4010","",,,113,80,80,"Non-Overfished","Harvest specifications are the sum of assessed area projections (Conception area) and DBSRA estimates (Monterey area).&nbsp; Sector allocations are based on a&nbsp;precautionary ACT of 50 mt due to assessment uncertainty.<br />
&nbsp;",2019,"","Dick",,"=HYPERLINK(""https://www.pcouncil.org/documents/2019/10/status-of-cowcod-sebastes-levis-in-2019-october-24-2019.pdf/"",""2019 Cowcod Assessment"")","=HYPERLINK(""https://www.pcouncil.org/documents/2019/09/agenda-item-h-5-a-supplemental-ssc-report-1-2.pdf/"",""SSC Report on the 2019 Cowcod Assessment"")","",""
2023,"    Cowcod","4010 - 3427","3 (Year Based)",.4,.398,18.9,11.3778,,"Unknown","OFL is based on the 2019 DB-SRA estimate in Appendix B of the 2019 cowcod assessment.<br />
&nbsp;",2019,"DBSRA","Dick",,"=HYPERLINK(""https://www.pcouncil.org/documents/2019/10/status-of-cowcod-sebastes-levis-in-2019-october-24-2019.pdf/"",""2019 Cowcod Assessment"")","=HYPERLINK(""https://www.pcouncil.org/documents/2019/09/agenda-item-h-5-a-supplemental-ssc-report-1-2.pdf/"",""SSC Report on the 2019 Cowcod Assessment"")","",""
2023,"    Cowcod","S of 3427","2 (Year Based)",.4,.267,93.7818,68.7421,,"Non-Overfished","OFL is based on a 50% SPR harvest rate projected in the 2019 assessment. &nbsp;ABC based on time varying cat. 2 sigma, P* = 0.4.<br />
&nbsp;",2019,"Full","Dick",,"=HYPERLINK(""https://www.pcouncil.org/documents/2019/10/status-of-cowcod-sebastes-levis-in-2019-october-24-2019.pdf/"",""2019 Cowcod Assessment"")","=HYPERLINK(""https://www.pcouncil.org/documents/2019/09/agenda-item-h-5-a-supplemental-ssc-report-1-2.pdf/"",""SSC Report on the 2019 Cowcod Assessment"")","",""
2023,"Darkblotched Rockfish","CW","1 (Year Based)",.45,.083,856,785,785,"Non-Overfished","OFL projected using a 50% SPR in the 2021 catch-only projection update.<br />
&nbsp;",2017,"Update","Wallace",,"=HYPERLINK(""https://www.pcouncil.org/documents/2018/01/status-of-the-darkblotched-rockfish-resource-off-the-continental-u-s-pacific-coast-in-2017-update-of-2015-assessment-model.pdf/"",""2017 Update Assessment of Darkblotched Rockfish"")","=HYPERLINK(""https://www.pcouncil.org/documents/2017/06/f4a_sup_ssc_rpt_assessents_final_jun2017bb-1.pdf/"",""SSC Report on the 2017 Darkblotched Rockfish Update Assessment"")","","=HYPERLINK(""https://www.pcouncil.org/documents/2021/08/c-6-attachment-12-catch-only-projection-for-darkblotched-rockfish-sebastes-crameri-in-2021.pdf/"",""2021 Catch-Only Projection Update for Darkblotched Rockfish"")"
2023,"Dover Sole","CW","1 (Year Based)",.45,.065,63834,59685,50000,"Non-Overfished","OFL projected using a 30% SPR harvest rate in the 2021 full assessment . &nbsp; ACL = 50,000 mt.",2021,"Full","Wetzel",,"=HYPERLINK(""https://www.pcouncil.org/documents/2021/10/status-of-dover-sole-microstomus-pacificus-along-the-u-s-west-coast-in-2021.pdf/"",""2021 Dover Sole Assessment"")","=HYPERLINK(""https://www.pcouncil.org/documents/2021/06/g-5-a-supplemental-ssc-report-1-2.pdf/"",""SSC Report on the 2021 Dover Sole Assessment"")","",""
2023,"English Sole","CW","2 (Year Based)",.45,.19,11133,9018,9018,"Non-Overfished","OFL projected using a 30% SPR harvest rate in the 2019 English Sole Updated Harvest Specification Projections. &nbsp; ACL = ABC (P* = 0.45).<br />
&nbsp;",2013,"ExSSS","Cope",,"=HYPERLINK(""https://www.pcouncil.org/documents/2015/01/data-moderate-stock-assessments-for-brown-china-copper-sharpchin-stripetail-and-yellowtail-rockfishes-and-english-and-rex-soles-in-2013-published-january-2015.pdf/"",""2013 Data-moderate Assessment of English Sole"")","=HYPERLINK(""https://www.pcouncil.org/documents/2013/06/f-groundfish-management-june-2013.pdf/"",""SSC Report on the 2013 English Sole Assessment"")","","=HYPERLINK(""https://www.pcouncil.org/documents/2019/10/agenda-item-h-6-attachment-2-additional-projections-of-harvest-specifications-for-west-coast-groundfish-stocks-in-2021-and-beyond.pdf/"",""2019 Updated Harvest Projections for English Sole (Table 3)"")"
2023,"Lingcod","N of 4010","2 (Year Based)",.45,.126,5010,4378,4378,"Non-Overfished","OFLs projected using a 45% SPR harvest rate in the 2021 full assessment of lingcod N of 40&deg;10&rsquo; N lat.&nbsp;",2021,"Full","Taylor",,"=HYPERLINK(""https://www.pcouncil.org/documents/2021/12/status-of-lingcod-ophiodon-elongatus-along-the-northern-u-s-west-coast-in-2021-december-2021.pdf/"",""2021 Assessment of Lingcod North of 40°10’ N lat."")","=HYPERLINK(""https://www.pcouncil.org/documents/2021/09/c-6-a-supplemental-ssc-report-1-2.pdf/"",""SSC Report on the 2021 Lingcod Assessment"")","",""
2023,"Lingcod","S of 4010","2 (Year Based)",.45,.126,846,739,726,"Non-Overfished","OFLs projected using a 45% SPR harvest rate in the 2021 full assessment of lingcod S of 40&deg;10&rsquo; N lat.&nbsp;",2021,"Full","Johnson",,"=HYPERLINK(""https://www.pcouncil.org/documents/2021/12/status-of-lingcod-ophiodon-elongatus-along-the-southern-u-s-west-coast-in-2021-december-2021.pdf/"",""2021 Assessment of Lingcod South of 40°10’ N lat."")","=HYPERLINK(""https://www.pcouncil.org/documents/2021/09/c-6-a-supplemental-ssc-report-1-2.pdf/"",""SSC Report on the 2021 Lingcod Assessment"")","",""
2023,"Longnose Skate","CW","2 (Year Based)",.45,.143,1993,1708,1708,"Non-Overfished","OFLs projected using a 45% SPR harvest rate in the 2019 assessment. &nbsp;ACL = ABC.<br />
&nbsp;",2019,"Full","Gertseva",,"=HYPERLINK(""https://www.pcouncil.org/documents/2019/10/stock-assessment-of-the-longnose-skate-beringraja-rhina-in-state-and-federal-waters-off-california-oregon-and-washington-v-october-21-2019.pdf/"",""2019 Longnose Skate Assessment"")","=HYPERLINK(""https://www.pcouncil.org/documents/2019/09/agenda-item-h-5-a-supplemental-ssc-report-1-2.pdf/"",""SSC Report on the 2019 Longnose Skate Assessment"")","",""
2023,"Longspine Thornyhead","CW","2 (Year Based)",.4,.346,,,,"Non-Overfished","Coastwide OFL projected using a 50% SPR harvest rate in the 2019 catch-only projection update. &nbsp;The coastwide ABC (P* = 0.4) is apportioned N (76%) and S (24%) of 34&deg;27&rsquo; N lat. to determine ACLs based on the 2003-2012 average swept area biomass from the NMFS trawl survey.<br />
&nbsp;",2013,"Full","Stephens",,"=HYPERLINK(""https://www.pcouncil.org/documents/2014/02/stock-assessment-and-status-of-longspine-thornyhead-sebastolobus-altivelis-off-california-oregon-and-washington-in-2013-published-january-5-2014.pdf/"",""2013 Longspine Thornyhead Assessment"")","=HYPERLINK(""https://www.pcouncil.org/documents/2013/09/g-groundfish-management-september-2013.pdf/"",""SSC Report on the 2013 Longspine Thornyhead Assessment"")","","=HYPERLINK(""https://www.pcouncil.org/documents/2019/09/agenda-item-h-5-supplemental-revised-attachment-23.pdf/"",""2019 Catch-Only Update Projection for Longspine Thornyhead"")"
2023,"    Longspine Thornyhead","S of 3427","2 (Year Based)",.4,.346,,,725,"Non-Overfished","Coastwide OFL projected using a 50% SPR harvest rate in the 2019 catch-only projection update. &nbsp;The coastwide ABC (P* = 0.4) is apportioned N (76%) and S (24%) of 34&deg;27&rsquo; N lat. to determine ACLs based on the 2003-2012 average swept area biomass from the NMFS trawl survey.",2013,"Full","Stephens",,"=HYPERLINK(""https://www.pcouncil.org/documents/2014/02/stock-assessment-and-status-of-longspine-thornyhead-sebastolobus-altivelis-off-california-oregon-and-washington-in-2013-published-january-5-2014.pdf/"",""2013 Longspine Thornyhead Assessment"")","=HYPERLINK(""https://www.pcouncil.org/documents/2013/09/g-groundfish-management-september-2013.pdf/"",""SSC Report on the 2013 Longspine Thornyhead Assessment"")","","=HYPERLINK(""https://www.pcouncil.org/documents/2019/09/agenda-item-h-5-supplemental-revised-attachment-23.pdf/"",""2019 Catch-Only Update Projection for Longspine Thornyhead"")"
2023,"    Longspine Thornyhead","N of 3427","2 (Year Based)",.4,.346,,,2295,"Non-Overfished","Coastwide OFL projected using a 50% SPR harvest rate in the 2019 catch-only projection update. &nbsp;The coastwide ABC (P* = 0.4) is apportioned N (76%) and S (24%) of 34&deg;27&rsquo; N lat. to determine ACLs based on the 2003-2012 average swept area biomass from the NMFS trawl survey.",2013,"Full","Stephens",,"=HYPERLINK(""https://www.pcouncil.org/documents/2014/02/stock-assessment-and-status-of-longspine-thornyhead-sebastolobus-altivelis-off-california-oregon-and-washington-in-2013-published-january-5-2014.pdf/"",""2013 Longspine Thornyhead Assessment"")","=HYPERLINK(""https://www.pcouncil.org/documents/2013/09/g-groundfish-management-september-2013.pdf/"",""SSC Report on the 2013 Longspine Thornyhead Assessment"")","","=HYPERLINK(""https://www.pcouncil.org/documents/2019/09/agenda-item-h-5-supplemental-revised-attachment-23.pdf/"",""2019 Catch-Only Update Projection for Longspine Thornyhead"")"
2023,"Pacific Ocean Perch","N of 4010","2 (Year Based)",.45,.159,4248,3573,3573,"Non-Overfished","OFL projected using a 50% SPR harvest rate in the 2019 Pacific Ocean Perch Updated Harvest Specification Projections. &nbsp; ACL = ABC (P* = 0.45).",2017,"Full","Wetzel",,"=HYPERLINK(""https://www.pcouncil.org/documents/2017/12/status-of-pacific-ocean-perch-sebastes-alutus-along-the-us-west-coast-in-2017.pdf/"",""2017 Pacific Ocean Perch Assessment"")","=HYPERLINK(""https://www.pcouncil.org/documents/2017/11/agenda-item-f-4-a-supplemental-ssc-report-1.pdf/"",""SSC Report on the 2017 Pacific Ocean Perch Assessment"")","","=HYPERLINK(""https://www.pcouncil.org/documents/2019/09/agenda-item-h-8-supplemental-attachment-2.pdf/"",""2019 Updated Harvest Specification Projections for Pacific Ocean Perch (Table 13)"")"
2023,"Petrale Sole","CW","1 (Year Based)",.45,.074,3763,3485,3485,"Non-Overfished","OFL projected using a 30% SPR harvest rate in the 2021 catch-only projection update.&nbsp; &nbsp;ACL = ABC (P* = 0.45). &nbsp;30 mt allocation to non-trawl and the remainder to trawl. The allocation percentages shown in the Allocation Type are an artifact of the database; they are not used to allocate petrale sole.",2019,"Update","Wetzel",,"=HYPERLINK(""https://www.pcouncil.org/documents/2020/03/status-of-petrale-sole-eopsetta-jordani-along-the-u-s-west-coast-in-2019-october-2019.pdf/"",""2019 Update Assessment for Petrale Sole"")","=HYPERLINK(""https://www.pcouncil.org/documents/2019/09/agenda-item-h-5-a-supplemental-ssc-report-1-2.pdf/"",""SSC Report on the 2019 Petrale Sole Update"")","","=HYPERLINK(""https://www.pcouncil.org/documents/2021/08/c-6-attachment-10-catch-only-projection-for-petrale-sole-eopsetta-jordani-in-2021.pdf/"",""2021 Catch-Only Update of the 2019 Assessment"")"
2023,"Sablefish","CW","1 (Year Based)",.35,.187,11577,9412,,"Non-Overfished","OFLs projected using a 45% SPR harvest rate in the 2021 update assessment. &nbsp;ACL = ABC (P* = 0.35). &nbsp;ACLs are based on an apportionment of the coastwide ABC with 78.4% to the N and 21.6% to the S of 36&deg; N. lat, determined using the average 2014&ndash;2018 annual swept area biomass estimates from the NMFS NWFSC trawl survey.",2021,"Update","Kapur",,"=HYPERLINK(""https://www.pcouncil.org/documents/2021/06/g-5-attachment-5-draft-full-assessment-status-of-sablefish-anoplopoma-fimbria-along-the-us-west-coast-in-2021-electronic-only.pdf/"",""2021 Sablefish Update Assessment"")","=HYPERLINK(""https://www.pcouncil.org/documents/2021/06/g-5-a-supplemental-ssc-report-1-2.pdf/"",""SSC Report on the 2021 Sablefish Update Assessment"")","",""
2023,"    Sablefish","S of 36","1 (Year Based)",.35,.187,,,2033,"Non-Overfished","OFLs projected using a 45% SPR harvest rate in the 2021 update assessment. &nbsp;ACL = ABC (P* = 0.35). &nbsp;ACLs are based on an apportionment of the coastwide ABC with 78.4% to the N and 21.6% to the S of 36&deg; N. lat, determined using the average 2014&ndash;2018 annual swept area biomass estimates from the NMFS NWFSC trawl survey.&nbsp;",2021,"Update","Kapur",,"=HYPERLINK(""https://www.pcouncil.org/documents/2021/06/g-5-attachment-5-draft-full-assessment-status-of-sablefish-anoplopoma-fimbria-along-the-us-west-coast-in-2021-electronic-only.pdf/"",""2021 Sablefish Update Assessment"")","=HYPERLINK(""https://www.pcouncil.org/documents/2021/06/g-5-a-supplemental-ssc-report-1-2.pdf/"",""SSC Report on the 2021 Sablefish Update Assessment"")","",""
2023,"    Sablefish","N of 36","1 (Year Based)",.35,.187,,,7379,"Non-Overfished","OFLs projected using a 45% SPR harvest rate in the 2021 update assessment. &nbsp;ACL = ABC (P* = 0.35). &nbsp;ACLs are based on an apportionment of the coastwide ABC with 78.4% to the N and 21.6% to the S of 36&deg; N. lat, determined using the average 2014&ndash;2018 annual swept area biomass estimates from the NMFS NWFSC trawl survey.",2021,"Update","Kapur",,"=HYPERLINK(""https://www.pcouncil.org/documents/2021/06/g-5-attachment-5-draft-full-assessment-status-of-sablefish-anoplopoma-fimbria-along-the-us-west-coast-in-2021-electronic-only.pdf/"",""2021 Sablefish Update Assessment"")","=HYPERLINK(""https://www.pcouncil.org/documents/2021/06/g-5-a-supplemental-ssc-report-1-2.pdf/"",""SSC Report on the 2021 Sablefish Update Assessment"")","",""
2023,"Shortspine Thornyhead","CW","2 (Year Based)",.4,.346,,,,"Non-Overfished","Coastwide OFL projected using a 50% SPR harvest rate in the 2019 Catch-Only Projection Update. &nbsp;The coastwide ABC (P* = 0.4) is apportioned N (65.4%) and S (34.6%) of 34&deg;27&rsquo; N lat. based on 2003-2012 average swept area biomass in the NMFS NWFSC trawl survey to determine ACLs.",2013,"Full","Taylor",,"=HYPERLINK(""https://www.pcouncil.org/documents/2014/02/stock-assessment-of-shortspine-thornyhead-in-2013-published-february-12-2014.pdf/"",""2013 Shortspine Thornyhead Assessment"")","=HYPERLINK(""https://www.pcouncil.org/documents/2013/09/g-groundfish-management-september-2013.pdf/#page=1494"",""SSC Report on the 2013 Shortspine Thornyhead Assessment"")","","=HYPERLINK(""https://www.pcouncil.org/documents/2019/10/agenda-item-h-6-attachment-2-additional-projections-of-harvest-specifications-for-west-coast-groundfish-stocks-in-2021-and-beyond.pdf/"",""2019 Catch-Only Update Projection for Shortspine Thornyhead (Table 4)"")"
2023,"    Shortspine Thornyhead","N of 3427","2 (Year Based)",.4,.346,,,1359,"Non-Overfished","Coastwide OFL projected using a 50% SPR harvest rate in the 2019 Catch-Only Projection Update. &nbsp;The coastwide ABC (P* = 0.4) is apportioned N (65.4%) and S (34.6%) of 34&deg;27&rsquo; N lat. based on 2003-2012 average swept area biomass in the NMFS NWFSC trawl survey to determine ACLs.",2013,"Full","Taylor",,"=HYPERLINK(""https://www.pcouncil.org/documents/2014/02/stock-assessment-of-shortspine-thornyhead-in-2013-published-february-12-2014.pdf/"",""2013 Shortspine Thornyhead Assessment"")","=HYPERLINK(""https://www.pcouncil.org/documents/2013/09/g-groundfish-management-september-2013.pdf/#page=1494"",""SSC Report on the 2013 Shortspine Thornyhead Assessment"")","","=HYPERLINK(""https://www.pcouncil.org/documents/2019/10/agenda-item-h-6-attachment-2-additional-projections-of-harvest-specifications-for-west-coast-groundfish-stocks-in-2021-and-beyond.pdf/"",""2019 Catch-Only Update Projection for Shortspine Thornyhead (Table 4)"")"
2023,"    Shortspine Thornyhead","S of 3427","2 (Year Based)",.4,.346,,,719,"Non-Overfished","Coastwide OFL projected using a 50% SPR harvest rate in the 2019 Catch-Only Projection Update. &nbsp;The coastwide ABC (P* = 0.4) is apportioned N (65.4%) and S (34.6%) of 34&deg;27&rsquo; N lat. based on 2003-2012 average swept area biomass in the NMFS NWFSC trawl survey to determine ACLs.",2013,"Full","Taylor",,"=HYPERLINK(""https://www.pcouncil.org/documents/2014/02/stock-assessment-of-shortspine-thornyhead-in-2013-published-february-12-2014.pdf/"",""2013 Shortspine Thornyhead Assessment"")","=HYPERLINK(""https://www.pcouncil.org/documents/2013/09/g-groundfish-management-september-2013.pdf/#page=1494"",""SSC Report on the 2013 Shortspine Thornyhead Assessment"")","","=HYPERLINK(""https://www.pcouncil.org/documents/2019/10/agenda-item-h-6-attachment-2-additional-projections-of-harvest-specifications-for-west-coast-groundfish-stocks-in-2021-and-beyond.pdf/"",""2019 Catch-Only Update Projection for Shortspine Thornyhead (Table 4)"")"
2023,"Splitnose","S of 4010","1 (Year Based)",.45,.117,1803,1592,1592,"Non-Overfished","OFL projected using a 50% SPR harvest rate in the 2019 Updated Harvest Specification Projections. &nbsp;Coastwide OFL is apportioned N (35.8%) and S (64.2%) of 40&deg;10&rsquo; N. lat. based on average historical (1916-2008) landings.",2009,"Full","Gertseva",,"=HYPERLINK(""https://www.pcouncil.org/documents/2009/10/status-of-the-u-s-splitnose-rockfish-sebastes-diploproa-resource-in-2009-october-28-2009.pdf/"",""2009 Splitnose Rockfish Assessment"")","=HYPERLINK(""https://www.pcouncil.org/documents/2009/06/e-groundfish-management-june-2009.pdf/"",""SSC Report on the 2009 Splitnose Rockfish Assessment"")","","=HYPERLINK(""https://www.pcouncil.org/documents/2021/08/c-8-attachment-2-harvest-specification-projections-for-select-west-coast-groundfish-stocks-in-2023-and-beyond-informed-by-the-new-sigmas-implemented-in-2020.pdf/"",""2021 Updated Harvest Specification Projections for Splitnose Rockfish (Table 6)"")"
2023,"Widow Rockfish","CW","1 (Year Based)",.45,.074,13633,12624,12624,"Non-Overfished","OFL projected using a 50% SPR harvest rate in the 2019 update assessment. &nbsp;ACL = ABC (P* = 0.45).&nbsp; Non-trawls are allocated 400 mt and rest is allocated to trawl.&nbsp; The 91% and 9% allocations noted&nbsp; in the Allocation Type section is an artifact and is not used to allocate widow for the 2023-2024 biennial cycle.",2019,"Update","Adams",,"=HYPERLINK(""https://www.pcouncil.org/documents/2019/10/stock-assessment-update-status-of-widow-rockfish-sebastes-entomelas-along-the-u-s-west-coast-in-2019-october-21-2019.pdf/"",""2019 Update Assessment for Widow Rockfish"")","=HYPERLINK(""https://www.pcouncil.org/documents/2019/09/agenda-item-h-5-a-supplemental-ssc-report-1-2.pdf/"",""SSC Report on the 2019 Widow Rockfish Update Assessment"")","",""
2023,"Yellowtail Rockfish","N of 4010","1 (Year Based)",.45,.083,6178,5666,5666,"Non-Overfished","OFL projected using a 50% SPR harvest rate in the 2019 updated harvest specifications for yellowtail rockfish N. &nbsp;ACL = ABC (P* = 0.45).",2017,"Full","Stephens",,"=HYPERLINK(""https://www.pcouncil.org/documents/2018/01/status-of-yellowtail-rockfish-sebastes-flavidus-along-the-u-s-pacific-coast-in-2017-january-2018.pdf/"",""2017 Yellowtail Rockfish North Assessment"")","=HYPERLINK(""https://www.pcouncil.org/documents/2017/09/e8a_sup_ssc_rpt1_stock_assessments_sept2017bb.pdf/"",""SSC Report on the 2017 Yellowtail Rockfish North Assessment"")","","=HYPERLINK(""https://www.pcouncil.org/documents/2021/08/c-8-attachment-2-harvest-specification-projections-for-select-west-coast-groundfish-stocks-in-2023-and-beyond-informed-by-the-new-sigmas-implemented-in-2020.pdf/"",""2021 Catch-Only Update of Yellowtail Rockfish Harvest Projections (Table 8)"")"
2023,"Pacific Cod","CW","3 (Year Based)",.4,.398,3200,1926,1600,"Unknown","OFL is based on the highest historical catch (in 1985).&nbsp; ACL = 50% of the OFL.",,"","",,"","","",""
2023,"Starry Flounder","CW","3 (Year Based)",.4,.398,652,392,392,"Unknown","OFL based on the 2017 DB-SRA assessment of starry flounder.",2017,"DBSRA","",,"=HYPERLINK(""http://www.pcouncil.org/wp-content/uploads/2017/10/F6_Att3_Starry_Flounder_DB-SRA_2017_CA-OR-WA-final_NOV2017BB.pdf"",""2017 DB-SRA Assessment of Starry Flounder"")","=HYPERLINK(""https://www.pcouncil.org/documents/2017/11/agenda-item-f-6-a-supplemental-ssc-report-1-2.pdf/"",""SSC Report on the 2017 Starry Flounder DB-SRA Assessment"")","",""
2023,"Spiny Dogfish","CW","2 (Year Based)",.4,.238,1911,1456,1456,"Precautionary","OFL projected using a 50% SPR harvest rate from the 2021 assessment.&nbsp; ACL=ABC (P*=0.4).",2021,"Full","Gertseva",,"=HYPERLINK(""https://www.pcouncil.org/documents/2021/06/g-5-attachment-3-draft-full-assessment-of-status-of-the-pacific-spiny-dogfish-shark-resource-off-the-continental-u-s-pacific-coast-in-2021-electronic-only.pdf/"",""2021 Spiny Dogfish Assessment"")","=HYPERLINK(""https://www.pcouncil.org/documents/2021/06/g-5-a-supplemental-ssc-report-1-2.pdf/"",""SSC June 2021 Report on the 2021 Spiny Dogfish Assessment"")","",""
2023,"Blue/Deacon/Black Rockfish","OR","",.45,.044,679,562,562,"","Sum of harvest specification contributions of component stocks in the complex.",,"","",,"","","",""
2023,"    Black Rockfish","OR","2 (Year Based)",.45,.174,578,477.428,477.428,"Non-Overfished","OFL projected using a 50% SPR from the 2021 projection update (anticipated in Nov. 2021).",2015,"Full","Cope",,"=HYPERLINK(""https://www.pcouncil.org/documents/2016/03/assessments-of-california-oregon-and-washington-stocks-of-black-rockfish-sebastes-melanops-in-2015-published-03-31-2016.pdf/"",""2015 Black Rockfish Assessment"")","=HYPERLINK(""https://www.pcouncil.org/documents/2007/09/g-groundfish-management-september-2007.pdf/#page=1515"",""SSC Report on the 2015 Black Rockfish Assessment"")","",""
2023,"    Blue","OR","2 (Year Based)",.45,.159,100.593,84.5987,84.5987,"Non-Overfished","OFL projected using a 50% SPR from the 2021 updated harvest specification projections for blue and deacon rockfishes.&nbsp; HG = ABC/ACL for managing OR fisheries.<br />
&nbsp;",2017,"Full","Berger",,"=HYPERLINK(""https://www.pcouncil.org/documents/2018/01/the-combined-status-of-blue-and-deacon-rockfishes-in-u-s-waters-off-california-and-oregon-in-2017.pdf/"",""2017 Assessment of Blue and Deacon Rockfishes"")","=HYPERLINK(""https://www.pcouncil.org/documents/2017/09/e8a_sup_ssc_rpt1_stock_assessments_sept2017bb.pdf/"",""SSC Report on the 2017 Blue and Deacon Rockfishes Assessment"")","","=HYPERLINK(""https://www.pcouncil.org/documents/2021/08/c-8-attachment-2-harvest-specification-projections-for-select-west-coast-groundfish-stocks-in-2023-and-beyond-informed-by-the-new-sigmas-implemented-in-2020.pdf/"",""2021 Updated Harvest Specification Projections for Blue and Deacon Rockfishes in Oregon (Table 3)"")"
2023,"Nearshore Rockfish North","N of 4010","",,,105,88,88,"","Sum of harvest specification contributions of component stocks in the complex.",,"","",,"","","",""
2023,"    Black and Yellow","N of 4010","3 (Year Based)",.45,.222,.014,.0109,.0109,"Unknown","",,"","",,"","","",""
2023,"    Blue","42 - 4010","2 (Year Based)",.45,.159,33.6,28.2576,28.2576,"Non-Overfished","OFL from the 2019 catch-only projection update.&nbsp; 10% of the CA OFL is apportioned north of 40&deg;10&rsquo; N lat. (see Appendix D of the 2017 Assessment).",2017,"Full","Dick",,"=HYPERLINK(""https://www.pcouncil.org/documents/2018/01/the-combined-status-of-blue-and-deacon-rockfishes-in-u-s-waters-off-california-and-oregon-in-2017.pdf/"",""2017 Assessment of Blue and Deacon Rockfishes"")","=HYPERLINK(""https://www.pcouncil.org/documents/2017/09/e8a_sup_ssc_rpt1_stock_assessments_sept2017bb.pdf/"",""Sept. 2017 SSC Report on the Blue and Deacon Rockfishes Assessment"")","","=HYPERLINK(""https://www.pcouncil.org/documents/2019/09/agenda-item-h-5-supplemental-revised-attachment-17.pdf/"",""2019 Catch-Only Projection Update for Blue and Deacon Rockfishes in California"")"
2023,"    Blue","WA","3 (Year Based)",.45,.222,7.6,5.9128,5.9128,"Unknown","",2017,"Full","Dick",,"=HYPERLINK(""https://www.pcouncil.org/documents/2018/01/the-combined-status-of-blue-and-deacon-rockfishes-in-u-s-waters-off-california-and-oregon-in-2017.pdf/"",""2017 Blue and Deacon Rockfishes Assessment (Appendix F)"")","=HYPERLINK(""https://www.pcouncil.org/documents/2017/09/e8a_sup_ssc_rpt1_stock_assessments_sept2017bb.pdf/"",""SSC Report on the 2017 Blue and Deacon Rockfishes Assessment"")","",""
2023,"    Brown","N of 4010","2 (Year Based)",.45,.19,2.08,1.6848,1.6848,"Non-Overfished","OFL from the 2019 harvest projection update.&nbsp; The portion of the coastwide stock north of 40`10 N lat. based on the proportion of cumulative removals by area during 1916-2012 (1.2%).",2013,"XDBSRA","Dick",,"=HYPERLINK(""https://www.pcouncil.org/documents/2015/01/data-moderate-stock-assessments-for-brown-china-copper-sharpchin-stripetail-and-yellowtail-rockfishes-and-english-and-rex-soles-in-2013-published-january-2015.pdf/"",""2013 Data-moderate Assessment of Brown Rockfish"")","=HYPERLINK(""https://www.pcouncil.org/documents/2013/06/f-groundfish-management-june-2013.pdf/"",""SSC Report on the 2013 Brown Rockfish Assessment"")","","=HYPERLINK(""https://www.pcouncil.org/documents/2019/10/agenda-item-h-6-attachment-2-additional-projections-of-harvest-specifications-for-west-coast-groundfish-stocks-in-2021-and-beyond.pdf/"",""2019 Updated Harvest Projections for Brown Rockfish (Table1)"")"
2023,"    Calico","N of 4010","3 (Year Based)",.45,.222,,,,"Unknown","",,"","",,"","","",""
2023,"    China","4010 - 4616","2 (Year Based)",.45,.174,20.64,17.0486,17.0486,"Non-Overfished","OFLs projected from the Central Model in the 2015 assessment updated with 2019 catch-only projections.",2015,"Full","",,"=HYPERLINK(""https://www.pcouncil.org/documents/2016/04/status-of-china-rockfish-off-the-u-s-pacific-coast-in-2015-april-2016.pdf/"",""2015 China Rockfish Assessment"")","=HYPERLINK(""https://www.pcouncil.org/documents/2015/09/agenda-item-h-3-a-supplemental-ssc-report.pdf/"",""SSC Report on the 2015 China Rockfish Assessment"")","","=HYPERLINK(""https://www.pcouncil.org/documents/2019/09/agenda-item-h-5-supplemental-revised-attachment-19.pdf/"",""2019 Catch-Only Projection Update for China Rockfish"")"
2023,"    China","WA","2 (Year Based)",.45,.174,10.07,8.3178,8.3178,"Non-Overfished","OFLs projected from the North Model in the 2015 assessment updated with 2019 catch-only projections.",2015,"Full","",,"=HYPERLINK(""https://www.pcouncil.org/documents/2016/04/status-of-china-rockfish-off-the-u-s-pacific-coast-in-2015-april-2016.pdf/"",""2015 China Rockfish Assessment"")","=HYPERLINK(""https://www.pcouncil.org/documents/2015/09/agenda-item-h-3-a-supplemental-ssc-report.pdf/"",""SSC Report on the 2015 China Rockfish Assessment"")","","=HYPERLINK(""https://www.pcouncil.org/documents/2019/09/agenda-item-h-5-supplemental-revised-attachment-19.pdf/"",""2019 Catch-Only Projection Update for China Rockfish"")"
2023,"    Copper","WA","2 (Year Based)",.45,.126,2.1481,1.8775,1.8775,"Non-Overfished","OFL projected using a 50% SPR harvest rate from the 2021 assessment pf copper rockfish in WA.",2021,"Data-moderate","Wetzel",,"=HYPERLINK(""https://www.pcouncil.org/documents/2021/10/status-of-copper-rockfish-sebastes-caurinus-in-u-s-waters-off-the-coast-of-washington-in-2021-using-catch-and-length-data.pdf/"",""2021 Data-moderate Assessment of Copper Rockfish in WA"")","=HYPERLINK(""https://www.pcouncil.org/documents/2021/06/g-5-a-supplemental-ssc-report-1-2.pdf/#page=4"",""SSC Report on the 2021 Copper Rockfish Assessment in WA"")","",""
2023,"    Copper","OR","2 (Year Based)",.45,.126,17.9806,15.715,15.715,"Non-Overfished","OFL projected using a 50% SPR harvest rate from the 2021 assessment pf copper rockfish in OR.",2021,"Data-moderate","Wetzel",,"=HYPERLINK(""https://www.pcouncil.org/documents/2021/06/g-5-attachment-8-the-status-of-copper-rockfish-sebastes-caurinus-in-u-s-waters-off-the-coast-of-oregon-in-2021-using-catch-and-length-data-electronic-only.pdf/"",""2021 Data-moderate Assessment of Copper Rockfish in OR"")","=HYPERLINK(""https://www.pcouncil.org/documents/2021/06/g-5-a-supplemental-ssc-report-1-2.pdf/#page=4"",""SSC Report on the 2021 Copper Rockfish Assessment in WA"")","",""
2023,"    Copper","42 - 4010","2 (Year Based)",.45,.126,3.64,3.1814,3.16,"Precautionary","OFL projected using a 50% SPR harvest rate from the 2021 assessment of copper rockfish in CA north of 34&deg;27&rsquo; N lat. with 3.9% of the OFL apportioned north of&nbsp;40&deg;10&rsquo; N lat. based on the estimated average 2002-2020 total catch by area.",2021,"Data-moderate","Wetzel",,"","","",""
2023,"    Gopher","N of 4010","3 (Year Based)",.45,.222,,,,"Unknown","",2011,"DBSRA","Dick",,"","","",""
2023,"    Grass","N of 4010","3 (Year Based)",.45,.222,.657,.5111,.5111,"Unknown","",2011,"DBSRA","Dick",,"","","",""
2023,"    Kelp","N of 4010","3 (Year Based)",.45,.222,.009,.007,.007,"Unknown","",2011,"DBSRA","Dick",,"","","",""
2023,"    Olive","N of 4010","3 (Year Based)",.45,.222,.315,.2451,.2451,"Unknown","",2011,"DBSRA","Dick",,"","","",""
2023,"    Quillback","WA","3 (Year Based)",.45,.222,2.855,2.2212,2.2251,"Non-Overfished","OFL projected using a 50% SPR harvest rate MSY proxy from the 2021 assessment of quillback rockfish in WA.",2021,"Data-moderate","Langseth",,"=HYPERLINK(""https://www.pcouncil.org/documents/2021/06/g-5-supprevised-attachment-12-draft-status-of-quillback-rockfish-sebastes-maliger-in-u-s-waters-off-the-coast-of-washington-in-2021-using-catch-and-length-data-electronic-only.pdf/"",""2021 Data-moderate Assessment of Quillback Rockfish in WA"")","=HYPERLINK(""https://www.pcouncil.org/documents/2021/06/g-5-a-supplemental-ssc-report-1-2.pdf/#page=4"",""SSC Report on the 2021 Quillback Rockfish Assessment in WA"")","",""
2023,"    Quillback","OR","2 (Year Based)",.45,.126,3.14,2.7444,2.7444,"Non-Overfished","OFL projected using a 50% SPR harvest rate from the 2021 assessment of quillback rockfish in OR.",2021,"Data-moderate","Langseth",,"=HYPERLINK(""https://www.pcouncil.org/documents/2021/06/g-5-attachment-11-draft-status-of-quillback-rockfish-sebastes-maliger-in-u-s-waters-off-the-coast-of-oregon-in-2021-using-catch-and-length-data-electronic-only.pdf/"",""2021 Data-moderate Assessment of Quillback Rockfish in OR"")","=HYPERLINK(""https://www.pcouncil.org/documents/2021/06/g-5-a-supplemental-ssc-report-1-2.pdf/#page=4"",""SSC Report on the 2021 Quillback Rockfish Assessment in OR"")","",""
2023,"    Treefish","N of 4010","3 (Year Based)",.45,.222,.2165,.1684,.1684,"Unknown","",2011,"DBSRA","Dick",,"","","",""
2023,"Nearshore Rockfish South","S of 4010","",,,1093,900,889,"","Sum of harvest specification contributions of component stocks in the complex.",,"","",,"","","",""
2023,"    Blue","4010 - 3427","2 (Year Based)",.45,.159,302.4,254.3184,254.3184,"Non-Overfished","OFL from the 2019 catch-only projection update.&nbsp; 90% of the CA OFL is apportioned south of 40&deg;10&rsquo; N lat. (see Appendix D of the 2017 Assessment).",2017,"Full","Dick",,"=HYPERLINK(""https://www.pcouncil.org/documents/2018/01/the-combined-status-of-blue-and-deacon-rockfishes-in-u-s-waters-off-california-and-oregon-in-2017.pdf/"",""2017 Assessment of Blue and Deacon Rockfishes"")","=HYPERLINK(""https://www.pcouncil.org/documents/2017/09/e8a_sup_ssc_rpt1_stock_assessments_sept2017bb.pdf/"",""Sept. 2017 SSC Report on the Blue and Deacon Rockfishes Assessment"")","","=HYPERLINK(""https://www.pcouncil.org/documents/2019/09/agenda-item-h-5-supplemental-revised-attachment-17.pdf/"",""2019 Catch-Only Projection Update for Blue and Deacon Rockfishes in California"")"
2023,"    Blue","S of 3427","3 (Year Based)",.45,.222,21.8,16.9604,16.9604,"Unknown","",2017,"DCAC","Dick",,"","","",""
2023,"    Brown","S of 4010","2 (Year Based)",.45,.19,178.2189,144.3573,144.3573,"Non-Overfished","The portion of the coastwide stock south of 40`10 N lat. based on the proportion of cumulative removals by area during 1916-2012 (98.8%).",2013,"XDBSRA","Dick",,"=HYPERLINK(""https://www.pcouncil.org/documents/2015/01/data-moderate-stock-assessments-for-brown-china-copper-sharpchin-stripetail-and-yellowtail-rockfishes-and-english-and-rex-soles-in-2013-published-january-2015.pdf/"",""2013 Data-moderate Assessment of Brown Rockfish"")","=HYPERLINK(""https://www.pcouncil.org/documents/2013/06/f-groundfish-management-june-2013.pdf/"",""SSC Report on the 2013 Brown Rockfish Assessment"")","","=HYPERLINK(""https://www.pcouncil.org/documents/2019/10/agenda-item-h-6-attachment-2-additional-projections-of-harvest-specifications-for-west-coast-groundfish-stocks-in-2021-and-beyond.pdf/"",""2019 Updated Harvest Projections for Brown Rockfish (Table1)"")"
2023,"    Calico","S of 4010","3 (Year Based)",.45,.222,,,,"Unknown","",,"","",,"","","",""
2023,"    China","S of 4010","2 (Year Based)",.45,.174,16.39,13.5381,13.5381,"Precautionary","OFLs projected from the South Model in the 2015 assessment updated with 2019 catch-only projections.",2015,"Full","",,"=HYPERLINK(""https://www.pcouncil.org/documents/2016/04/status-of-china-rockfish-off-the-u-s-pacific-coast-in-2015-april-2016.pdf/"",""2015 China Rockfish Assessment"")","=HYPERLINK(""https://www.pcouncil.org/documents/2015/09/agenda-item-h-3-a-supplemental-ssc-report.pdf/"",""SSC Report on the 2015 China Rockfish Assessment"")","","=HYPERLINK(""https://www.pcouncil.org/documents/2019/09/agenda-item-h-5-supplemental-revised-attachment-19.pdf/"",""2019 Catch-Only Projection Update for China Rockfish"")"
2023,"    Copper","4010 - 3427","2 (Year Based)",.45,.126,89.801,78.4861,77.84,"","OFL projected using a 50% SPR harvest rate from the 2021 assessment of copper rockfish in CA north of 34&deg;27&rsquo; N lat. with 96.1% of the OFL apportioned south of&nbsp;40&deg;10&rsquo; N lat. based on the estimated average 2002-2020 total catch by area.&nbsp; ACL is adjusted by the 40-10 rule.",2021,"Data-moderate","Wetzel",,"","","",""
2023,"    Copper","S of 3427","2 (Year Based)",.45,.126,23,20.102,9.93,"","OFL projected using a 50% SPR harvest rate from the 2021 assessment of copper rockfish in CA south of 34&deg;27&rsquo; N lat.&nbsp; ACL is adjusted using the 40-10 rule.",2021,"Data-moderate","Wetzel",,"","","",""
2023,"    Gopher","S of 4010","2 (Year Based)",.45,.143,136,118.864,118.864,"Non-Overfished","",2019,"Full","Monk",,"","","",""
2023,"    Grass","S of 4010","3 (Year Based)",.45,.222,59.6267,46.3896,46.3896,"Unknown","",2011,"DBSRA","Dick",,"","","",""
2023,"    Kelp","S of 4010","3 (Year Based)",.45,.222,27.6594,21.519,21.519,"Unknown","",2011,"DBSRA","Dick",,"","","",""
2023,"    Olive","S of 4010","3 (Year Based)",.45,.222,224.6426,174.7719,174.7719,"Unknown","",2011,"DBSRA","Dick",,"","","",""
2023,"    Treefish","S of 4010","3 (Year Based)",.45,.222,13.2295,10.2926,10.2926,"Unknown","",2011,"DBSRA","Dick",,"","","",""
2023,"Other Fish","CW","",,,286,223,223,"","Sum of harvest specification contributions of component stocks in the complex.",,"","",,"","","",""
2023,"    Kelp Greenling","CA","3 (Year Based)",.45,.222,118.9,92.5042,92.5042,"Unknown","",2011,"DBSRA","Dick",,"","","",""
2023,"    Leopard Shark","CW","3 (Year Based)",.45,.222,167.1,130.0038,130,"Unknown","",2011,"DBSRA","Dick",,"","","",""
2023,"Other Flatfish","CW","",,,7887,4862,4862,"","Sum of harvest specification contributions of component stocks in the complex.",,"","",,"","","",""
2023,"    Butter Sole","CW","3 (Year Based)",.4,.398,4.631,2.7879,2.7879,"Unknown","",,"","",,"","","",""
2023,"    Curlfin Sole","CW","3 (Year Based)",.4,.398,8.242,4.9617,4.9617,"Unknown","",,"","",,"","","",""
2023,"    Flathead Sole","CW","3 (Year Based)",.4,.398,35,21.07,21.07,"Unknown","",,"","",,"","","",""
2023,"    Pacific Sanddab","CW","3 (Year Based)",.4,.398,4801,2890.202,2890.202,"Non-Overfished","",2011,"DBSRA","Dick",,"","","",""
2023,"    Rex Sole","CW","2 (Year Based)",.4,.346,2197.89,1437.4201,1437.4201,"Non-Overfished","OFL projected using a 50% SPR harvest rate from the 2013 ExSSS assessment and updated with 2019 catch-only projections.",2013,"ExSSS","Cope",,"=HYPERLINK(""https://www.pcouncil.org/documents/2015/01/data-moderate-stock-assessments-for-brown-china-copper-sharpchin-stripetail-and-yellowtail-rockfishes-and-english-and-rex-soles-in-2013-published-january-2015.pdf/"",""2013 Data-moderate Assessment of Rex Sole"")","=HYPERLINK(""https://www.pcouncil.org/documents/2013/06/f-groundfish-management-june-2013.pdf/"",""SSC Report on the 2013 Rex Sole Assessment"")","","=HYPERLINK(""https://www.pcouncil.org/documents/2019/09/agenda-item-h-8-supplemental-attachment-2.pdf/"",""2019 Updated Harvest Projections for Rex Sole (Table 14)"")"
2023,"    Rock Sole","CW","3 (Year Based)",.4,.398,66.7,40.1534,40.1534,"Unknown","",2011,"DBSRA","Dick",,"","","",""
2023,"    Sand Sole","CW","3 (Year Based)",.4,.398,773.2,465.4664,465.4664,"Unknown","",2011,"DBSRA","Dick",,"","","",""
2023,"Pacific Whiting","CW","",,,,,369400,"","",2021,"Full","Johnson",,"","","",""
2023,"Shelf Rockfish North","N of 4010","",,,1614,1283,1283,"","Sum of harvest specification contributions of component stocks in the complex.",,"","",,"","","",""
2023,"    Bocaccio","N of 4010","3 (Year Based)",.45,.222,284,220.952,220.952,"Unknown","",2011,"DBSRA","Dick",,"","","",""
2023,"    Bronzespotted","N of 4010","3 (Year Based)",.45,.222,,,,"Unknown","",,"","",,"","","",""
2023,"    Chameleon","N of 4010","3 (Year Based)",.45,.222,,,,"Unknown","",,"","",,"","","",""
2023,"    Chilipepper","N of 4010","1 (Year Based)",.45,.091,180.74,164.2927,164.2927,"Non-Overfished","OFLs are apportioned to the north (7%) and south (93%) of 40&deg;10&rsquo; N lat. based on average historical landings.",2015,"Update","Field",,"=HYPERLINK(""https://www.pcouncil.org/documents/2016/06/status-of-the-chilipepper-rockfish-sebastes-goodei-in-the-california-current-for-2015.pdf/"",""2015 Update Assessment of Chilipepper Rockfish"")","=HYPERLINK(""http://www.pcouncil.org/documents/2015/06/agenda-item-d-8-a-supplemental-ssc-report.pdf/"",""SSC Report on the 2015 Chilipepper Rockfish Update Assessment"")","","=HYPERLINK(""https://www.pcouncil.org/documents/2019/09/agenda-item-h-8-supplemental-attachment-2.pdf/"",""2019 Updated Harvest Specification Projections for Chilipepper Rockfish (Table 7)"")"
2023,"    Cowcod","N of 4010","3 (Year Based)",.45,.222,.567,.4411,.4411,"Unknown","",2019,"DBSRA","Dick",,"","","",""
2023,"    Flag","N of 4010","3 (Year Based)",.45,.222,.1,.0778,.0778,"Unknown","",2011,"DBSRA","Dick",,"","","",""
2023,"    Freckled","N of 4010","3 (Year Based)",.45,.222,,,,"Unknown","",,"","",,"","","",""
2023,"    Greenblotched","N of 4010","3 (Year Based)",.45,.222,1.3,1.0114,1.0114,"Unknown","",2011,"DBSRA","Dick",,"","","",""
2023,"    Greenspotted","42 - 4010","2 (Year Based)",.45,.205,9.3886,7.4639,7.4639,"Precautionary","OFLs are projected using a 50% SPR harvest rate from the northern California model and updated in 2021. The portion of the assessed area north of 40&ordm;10&rsquo; N lat. (22.2% of OFL from northern California model) based on average historical catch.<br />
<a href=""https://www.pcouncil.org/documents/2011/09/status-of-greenspotted-rockfish-sebastes-chlorostictus-in-u-s-waters-off-california-september-2011.pdf/"">2011 Greenspotted Rockfish Assessment</a><br />
<a href=""https://www.pcouncil.org/documents/2011/09/g-groundfish-management-september-2011.pdf/"">SSC Report on the 2011 Greenspotted Rockfish Assessment</a>&nbsp;<br />
<strong>2021 Updated Harvest Specification Projections for Greenspotted Rockfish</strong>",2011,"Full","Dick",,"=HYPERLINK(""https://www.pcouncil.org/documents/2011/09/status-of-greenspotted-rockfish-sebastes-chlorostictus-in-u-s-waters-off-california-september-2011.pdf/"",""2011 Greenspotted Rockfish Assessment"")","","",""
2023,"    Greenspotted","WA - OR","3 (Year Based)",.45,.222,6.1,4.7458,4.7458,"Unknown","",2011,"DCAC","Dick",,"","","",""
2023,"    Greenstriped","N of 4010","3 (Year Based)",.45,.222,623.61,485.1686,485.1686,"Non-Overfished","OFL based on the MSY associated with the F<sub>MSY</sub> proxy in the 2009 assessment.&nbsp; The portion of the coastwide stock north of 40&deg;10&rsquo; N. lat. (84.5%) is based on the mean of the 2003-2008 swept area biomass estimates from the NMFS trawl survey.<br />
<a href=""https://www.pcouncil.org/documents/2009/10/status-of-greenstriped-rockfish-sebastes-elongatus-along-the-outer-coast-of-california-oregon-and-washington-october-27-2009.pdf/"">2009 Greenstriped Rockfish Assessment</a><br />
<a href=""https://www.pcouncil.org/documents/2009/09/e-groundfish-management-september-2009.pdf/"">SSC Report on the 2009 Greenstriped Rockfish Assessment</a>",2009,"Full","Hicks",,"=HYPERLINK(""https://www.pcouncil.org/documents/2009/10/status-of-greenstriped-rockfish-sebastes-elongatus-along-the-outer-coast-of-california-oregon-and-washington-october-27-2009.pdf/"",""2009 Greenstriped Rockfish Assessment"")","","","=HYPERLINK(""https://www.pcouncil.org/documents/2019/09/agenda-item-h-8-supplemental-attachment-2.pdf/"",""2019 Updated Harvest Specification Projections for Greenstriped Rockfish (Table 11)"")"
2023,"    Halfbanded","N of 4010","3 (Year Based)",.45,.222,,,,"Unknown","",,"","",,"","","",""
2023,"    Harlequin","N of 4010","3 (Year Based)",.45,.222,,,,"Unknown","",,"","",,"","","",""
2023,"    Honeycomb","N of 4010","3 (Year Based)",.45,.222,,,,"Unknown","",,"","",,"","","",""
2023,"    Mexican","N of 4010","3 (Year Based)",.45,.222,,,,"Unknown","",,"","",,"","","",""
2023,"    Pink","N of 4010","3 (Year Based)",.45,.222,.004,.0031,.0031,"Unknown","",2011,"DBSRA","Dick",,"","","",""
2023,"    Pinkrose","N of 4010","3 (Year Based)",.45,.222,,,,"Unknown","",,"","",,"","","",""
2023,"    Puget Sound","N of 4010","3 (Year Based)",.45,.222,,,,"Unknown","",,"","",,"","","",""
2023,"    Pygmy","N of 4010","3 (Year Based)",.45,.222,,,,"Unknown","",,"","",,"","","",""
2023,"    Redstripe","N of 4010","3 (Year Based)",.45,.222,269.9,209.9822,209.9822,"Unknown","",2011,"DBSRA","Dick",,"","","",""
2023,"    Rosethorn","N of 4010","3 (Year Based)",.45,.222,12.9,10.0362,10.0362,"Unknown","",2011,"DBSRA","Dick",,"","","",""
2023,"    Rosy","N of 4010","3 (Year Based)",.45,.222,3,2.334,2.334,"Unknown","",2011,"DBSRA","Dick",,"","","",""
2023,"    Silvergray","N of 4010","3 (Year Based)",.45,.222,159.4,124.0132,124.0132,"Unknown","",2011,"DBSRA","Dick",,"","","",""
2023,"    Speckled","N of 4010","3 (Year Based)",.45,.222,.2,.1556,.1556,"Unknown","",2011,"DBSRA","Dick",,"","","",""
2023,"    Squarespot","42 - 4010","2 (Year Based)",.45,.126,,,,"Precautionary","OFL projected using a 50% SPR harvest rate from the 2021 squarespot rockfish assessment in CA.",2021,"Data-moderate","Cope",,"","","",""
2023,"    Starry","N of 4010","3 (Year Based)",.45,.222,.0037,.0029,.0029,"Unknown","",2011,"DBSRA","Dick",,"","","",""
2023,"    Stripetail","N of 4010","3 (Year Based)",.45,.222,40.4,31.4312,31.4312,"Non-Overfished","",2011,"DBSRA","Dick",,"","","",""
2023,"    Swordspine","N of 4010","3 (Year Based)",.45,.222,.0001,.0001,.0001,"Unknown","",2011,"DBSRA","Dick",,"","","",""
2023,"    Tiger","N of 4010","3 (Year Based)",.45,.222,1,.778,.778,"Unknown","",2011,"DBSRA","Dick",,"","","",""
2023,"    Vermilion","WA","2 (Year Based)",.45,.126,.8196,.7164,.7164,"Non-Overfished","OFL projected from the 2021 assessment of vermilion rockfish in WA.<br />
<strong>2021 Assessment of Vermilion Rockfish in WA</strong>",2021,"Full","Cope",,"","=HYPERLINK(""https://www.pcouncil.org/documents/2021/09/c-6-a-supplemental-ssc-report-1-2.pdf/"",""SSC Report on the 2021 Assessment of Vermilion Rockfish"")","",""
2023,"    Vermilion","42 - 4010","1 (Year Based)",.45,.065,6.7865,6.3454,6.3454,"Non-Overfished","OFL projected from the 2021 assessment of vermilion rockfish in CA.&nbsp; The OFLs N (4.4%) and S (95.6%) of&nbsp;40&deg;10&rsquo; N lat. are based on an apportionment of the estimated biomass in CA N of 34&deg;27&rsquo; N lat.&nbsp;&nbsp;<br />
<strong>2021 Assessment of Vermilion Rockfish in CA N of&nbsp;34&deg;27&rsquo; N lat.&nbsp;</strong>",2021,"Full","Monk",,"","=HYPERLINK(""https://www.pcouncil.org/documents/2021/09/c-6-a-supplemental-ssc-report-1-2.pdf/"",""SSC Report on the 2021 Assessment of Vermilion Rockfish"")","",""
2023,"    Vermilion","OR","1 (Year Based)",.45,.065,13.477,12.601,12.601,"Non-Overfished","OFL projected from the 2021 assessment of vermilion rockfish in OR.<br />
<strong>2021 Assessment of Vermilion Rockfish in OR</strong>",2021,"Full","Cope",,"","=HYPERLINK(""https://www.pcouncil.org/documents/2021/09/c-6-a-supplemental-ssc-report-1-2.pdf/"",""SSC Report on the 2021 Vermilion Rockfish Assessment"")","",""
2023,"Shelf Rockfish South","S of 4010","",,,1840,1473,1473,"","Sum of harvest specification contributions of component stocks in the complex.",,"","",,"","","",""
2023,"    Bronzespotted","S of 4010","3 (Year Based)",.45,.222,3.6,2.8008,2.8008,"Unknown","",2011,"DBSRA","Dick",,"","","",""
2023,"    Chameleon","S of 4010","3 (Year Based)",.45,.222,,,,"Unknown","",,"","",,"","","",""
2023,"    Flag","S of 4010","3 (Year Based)",.45,.222,23.4,18.2052,18.2052,"Unknown","",2011,"DBSRA","Dick",,"","","",""
2023,"    Freckled","S of 4010","3 (Year Based)",.45,.222,,,,"Unknown","",,"","",,"","","",""
2023,"    Greenblotched","S of 4010","3 (Year Based)",.45,.222,23.1,17.9718,17.9718,"Unknown","",2011,"DBSRA","Dick",,"","","",""
2023,"    Greenspotted","4010 - 3427","2 (Year Based)",.45,.205,32.9024,26.1574,26.1574,"Precautionary","OFLs are projected using a 50% SPR harvest rate from the northern California model and updated in 2021. The portion of the assessed area north of 40&ordm;10&rsquo; N lat. (22.2% of OFL from northern California model) based on average historical catch.<br />
<a href=""https://www.pcouncil.org/documents/2011/09/status-of-greenspotted-rockfish-sebastes-chlorostictus-in-u-s-waters-off-california-september-2011.pdf/"">2011 Greenspotted Rockfish Assessment</a><br />
<a href=""https://www.pcouncil.org/documents/2011/09/g-groundfish-management-september-2011.pdf/"">SSC Report on the 2011 Greenspotted Rockfish Assessment</a>&nbsp;<br />
<strong>2021 Updated Harvest Specification Projections for Greenspotted Rockfish</strong>",2011,"Full","Dick",,"=HYPERLINK(""https://www.pcouncil.org/documents/2011/09/status-of-greenspotted-rockfish-sebastes-chlorostictus-in-u-s-waters-off-california-september-2011.pdf/"",""2011 Greenspotted Rockfish Assessment"")","","",""
2023,"    Greenspotted","S of 3427","2 (Year Based)",.45,.205,45.68,36.3156,36.3156,"Non-Overfished","OFLs are projected using a 50% SPR harvest rate from the southern California model and updated in 2021.<br />
<a href=""https://www.pcouncil.org/documents/2011/09/status-of-greenspotted-rockfish-sebastes-chlorostictus-in-u-s-waters-off-california-september-2011.pdf/"">2011 Greenspotted Rockfish Assessment</a><br />
<a href=""https://www.pcouncil.org/documents/2011/09/g-groundfish-management-september-2011.pdf/"">SSC Report on the 2011 Greenspotted Rockfish Assessment</a>&nbsp;<br />
<strong>2021 Updated Harvest Specification Projections for Greenspotted Rockfish</strong>",2011,"Full","Dick",,"=HYPERLINK(""https://www.pcouncil.org/documents/2011/09/status-of-greenspotted-rockfish-sebastes-chlorostictus-in-u-s-waters-off-california-september-2011.pdf/"",""2011 Greenspotted Rockfish Assessment"")","","",""
2023,"    Greenstriped","S of 4010","3 (Year Based)",.45,.222,114.39,88.9954,88.9954,"Non-Overfished","OFL based on the MSY associated with the F<sub>MSY</sub> proxy in the 2009 assessment.&nbsp; The portion of the coastwide stock south of 40&deg;10&rsquo; N. lat. (15.5%) is based on the mean of the 2003-2008 swept area biomass estimates from the NMFS trawl survey.<br />
<a href=""https://www.pcouncil.org/documents/2009/10/status-of-greenstriped-rockfish-sebastes-elongatus-along-the-outer-coast-of-california-oregon-and-washington-october-27-2009.pdf/"">2009 Greenstriped Rockfish Assessment</a><br />
<a href=""https://www.pcouncil.org/documents/2009/09/e-groundfish-management-september-2009.pdf/"">SSC Report on the 2009 Greenstriped Rockfish Assessment</a>",2009,"Full","Hicks",,"","","",""
2023,"    Halfbanded","S of 4010","3 (Year Based)",.45,.222,,,,"Unknown","",,"","",,"","","",""
2023,"    Harlequin","S of 4010","3 (Year Based)",.45,.222,,,,"Unknown","",,"","",,"","","",""
2023,"    Honeycomb","S of 4010","3 (Year Based)",.45,.222,9.9,7.7022,7.7022,"Unknown","",2011,"DBSRA","Dick",,"","","",""
2023,"    Mexican","S of 4010","3 (Year Based)",.45,.222,5.1,3.9678,3.9678,"Unknown","",2011,"DBSRA","Dick",,"","","",""
2023,"    Pink","S of 4010","3 (Year Based)",.45,.222,2.5,1.945,1.945,"Unknown","",2011,"DBSRA","Dick",,"","","",""
2023,"    Pinkrose","S of 4010","3 (Year Based)",.45,.222,,,,"Unknown","",,"","",,"","","",""
2023,"    Pygmy","S of 4010","3 (Year Based)",.45,.222,,,,"Unknown","",,"","",,"","","",""
2023,"    Redstripe","S of 4010","3 (Year Based)",.45,.222,.5,.389,.389,"Unknown","",2011,"DBSRA","Dick",,"","","",""
2023,"    Rosethorn","S of 4010","3 (Year Based)",.45,.222,2.1,1.6338,1.6338,"Unknown","",2011,"DBSRA","Dick",,"","","",""
2023,"    Rosy","S of 4010","3 (Year Based)",.45,.222,44.5,34.621,34.621,"Unknown","",2011,"DBSRA","Dick",,"","","",""
2023,"    Silvergray","S of 4010","3 (Year Based)",.45,.222,.5,.389,.389,"Unknown","",2011,"DBSRA","Dick",,"","","",""
2023,"    Speckled","S of 4010","3 (Year Based)",.45,.222,39.4,30.6532,30.6532,"Unknown","",2011,"DBSRA","Dick",,"","","",""
2023,"    Squarespot","S of 4010","2 (Year Based)",.45,.126,11.1,9.7014,9.7014,"Precautionary","OFL projected using a 50% SPR harvest rate from the 2021 squarespot rockfish assessment in CA.",2021,"Data-moderate","Cope",,"","","",""
2023,"    Starry","S of 4010","3 (Year Based)",.45,.222,62.6,48.7028,48.7028,"Unknown","",2011,"DBSRA","Dick",,"","","",""
2023,"    Stripetail","S of 4010","3 (Year Based)",.45,.222,23.6,18.3608,18.3608,"Non-Overfished","",2011,"DBSRA","Dick",,"","","",""
2023,"    Swordspine","S of 4010","3 (Year Based)",.45,.222,14.2,11.0476,11.0476,"Unknown","",2011,"DBSRA","Dick",,"","","",""
2023,"    Tiger","S of 4010","3 (Year Based)",.45,.222,.04,.0311,.0311,"Unknown","",2011,"DBSRA","Dick",,"","","",""
2023,"    Vermilion","S of 3427","2 (Year Based)",.45,.126,164.231,143.5379,143.5379,"Non-Overfished","OFL projected from the 2021 assessment of vermilion and sunset rockfishes in CA&nbsp;<strong>S of&nbsp;34&deg;27&rsquo; N lat.&nbsp;</strong> &nbsp;The assessment is of vermilion and sunset rockfishes in combination.<br />
<strong>2021 Assessment of Vermilion and Sunset Rockfishes in CA S of&nbsp;34&deg;27&rsquo; N lat.</strong>",2021,"Full","Dick",,"","=HYPERLINK(""https://www.pcouncil.org/documents/2021/09/c-6-a-supplemental-ssc-report-1-2.pdf/"",""SSC Report on the 2021 Assessment of Vermilion and Sunset Rockfishes in CA S of 34°27’ N lat."")","",""
2023,"    Vermilion","4010 - 3427","1 (Year Based)",.45,.065,151.8769,142.0049,142.0049,"Non-Overfished","OFL projected from the 2021 assessment of vermilion and sunset rockfishes in CA N&nbsp;of&nbsp;34&deg;27&rsquo; N lat..&nbsp; The OFLs N (4.4%) and S (95.6%) of&nbsp;40&deg;10&rsquo; N lat. are based on an apportionment of the estimated biomass in CA N of 34&deg;27&rsquo; N lat.&nbsp;&nbsp;The assessment is of vermilion and sunset rockfishes in combination.<br />
<strong>2021 Assessment of Vermilion and Sunset Rockfishes in CA N of&nbsp;34&deg;27&rsquo; N lat.&nbsp;</strong>",2021,"Full","Monk",,"","=HYPERLINK(""https://www.pcouncil.org/documents/2021/09/c-6-a-supplemental-ssc-report-1-2.pdf/"",""SSC Report on the 2021 Assessment of Vermilion and Sunset Rockfishes in CA N of 34°27’ N lat."")","",""
2023,"    Yellowtail Rockfish","S of 4010","3 (Year Based)",.45,.222,1064.4,828.1032,828.1032,"Unknown","",2011,"DBSRA","Dick",,"","","",""
2023,"Slope Rockfish North","N of 4010","",,,1819,1540,1540,"","Sum of harvest specification contributions of component stocks in the complex.",,"","",,"","","",""
2023,"    Aurora","N of 4010","1 (Year Based)",.45,.1,17.4078,15.6671,15.6671,"Non-Overfished","The portion of the coastwide stock north of 40&ordm;10&rsquo; N lat. (19%) is based on average survey biomass.",2013,"Full","Hamel",,"=HYPERLINK(""https://www.pcouncil.org/documents/2014/08/stock-assessment-of-aurora-rockfish-in-2013-published-december-27-2013.pdf/"",""2013 Aurora Rockfish Assessment"")","=HYPERLINK(""https://www.pcouncil.org/documents/2013/09/g-groundfish-management-september-2013.pdf/"",""SSC Report on the 2013 Aurora Rockfish Assessment"")","","=HYPERLINK(""https://www.pcouncil.org/documents/2021/08/c-8-attachment-2-harvest-specification-projections-for-select-west-coast-groundfish-stocks-in-2023-and-beyond-informed-by-the-new-sigmas-implemented-in-2020.pdf/"",""2021 Updated Harvest Specification Projections for Aurora Rockfish (Table 2)"")"
2023,"    Bank","N of 4010","3 (Year Based)",.45,.222,17.2,13.3816,13.3816,"Unknown","",2011,"DBSRA","Dick",,"","","",""
2023,"    Blackgill Rockfish","N of 4010","3 (Year Based)",.45,.222,4.7,3.6566,3.6566,"Unknown","",2011,"DCAC","Dick",,"","","",""
2023,"    Redbanded","N of 4010","3 (Year Based)",.45,.222,45.3,35.2434,35.2434,"Unknown","",2011,"DBSRA","Dick",,"","","",""
2023,"    Rougheye/Blackspotted","N of 4010","2 (Year Based)",.45,.19,233.24,188.9244,188.9244,"Non-Overfished","The coastwide OFLs are apportioned north (98%) and south (2%) based on average landings during 1985-2012.",2013,"Full","Hicks",,"=HYPERLINK(""https://www.pcouncil.org/documents/2014/01/the-status-of-rougheye-rockfish-sebastes-aleutianus-and-blackspotted-rockfish-s-melanostictus-as-a-complex-along-the-u-s-west-coast-in-2013-published-january-6-2014.pdf/"",""2013 Assessment of Rougheye and Blackspotted Rockfishes"")","=HYPERLINK(""https://www.pcouncil.org/documents/2013/09/g-groundfish-management-september-2013.pdf/"",""SSC Report on the 2013 Rougheye and Blackspotted Rockfishes Assessment"")","","=HYPERLINK(""https://www.pcouncil.org/documents/2019/09/agenda-item-h-5-supplemental-revised-attachment-24.pdf/"",""2019 Catch-Only Projection Update for Rougheye and Blackspotted Rockfishes"")"
2023,"    Sharpchin","N of 4010","2 (Year Based)",.45,.19,285.288,231.0833,231.0833,"Non-Overfished","OFLs are apportioned north and south of 40&ordm;10&rsquo; N lat. (80% N, 20% S) based on average swept area biomass estimates from the triennial survey.<br />
<a href=""https://www.pcouncil.org/documents/2015/01/data-moderate-stock-assessments-for-brown-china-copper-sharpchin-stripetail-and-yellowtail-rockfishes-and-english-and-rex-soles-in-2013-published-january-2015.pdf/"">2013 Data-moderate Assessment of Sharpchin Rockfish</a><br />
<a href=""https://www.pcouncil.org/documents/2013/06/f-groundfish-management-june-2013.pdf/"">SSC Report on the 2013 Sharpchin Rockfish Assessment</a><br />
<a href=""https://www.pcouncil.org/documents/2019/09/agenda-item-h-8-supplemental-attachment-2.pdf/"">2019 Updated Harvest Projections for Sharpchin Rockfish (Table 15)</a>",2013,"ExSSS","Cope",,"=HYPERLINK(""https://www.pcouncil.org/documents/2015/01/data-moderate-stock-assessments-for-brown-china-copper-sharpchin-stripetail-and-yellowtail-rockfishes-and-english-and-rex-soles-in-2013-published-january-2015.pdf/"",""2013 Data-moderate Assessment of Sharpchin Rockfish"")","","","=HYPERLINK(""https://www.pcouncil.org/documents/2019/09/agenda-item-h-8-supplemental-attachment-2.pdf/"",""2019 Updated Harvest Projections for Sharpchin Rockfish (Table 15)"")"
2023,"    Shortraker","N of 4010","3 (Year Based)",.45,.222,18.7,14.5486,14.5486,"Unknown","",2011,"DBSRA","Dick",,"","","",""
2023,"    Splitnose","N of 4010","1 (Year Based)",.45,.117,1005.264,887.6481,887.6481,"Non-Overfished","OFL projected using a 50% SPR harvest rate in the 2019 Updated Harvest Specification Projections. &nbsp;Coastwide OFL is apportioned N (35.8%) and S (64.2%) of 40&deg;10&rsquo; N. lat. based on average historical (1916-2008) landings.",2009,"Full","Gertseva",,"=HYPERLINK(""https://www.pcouncil.org/documents/2009/10/status-of-the-u-s-splitnose-rockfish-sebastes-diploproa-resource-in-2009-october-28-2009.pdf/"",""2009 Splitnose Rockfish Assessment"")","=HYPERLINK(""https://www.pcouncil.org/documents/2009/06/e-groundfish-management-june-2009.pdf/"",""SSC Report on the 2009 Splitnose Rockfish Assessment"")","","=HYPERLINK(""https://www.pcouncil.org/documents/2021/08/c-8-attachment-2-harvest-specification-projections-for-select-west-coast-groundfish-stocks-in-2023-and-beyond-informed-by-the-new-sigmas-implemented-in-2020.pdf/"",""2021 Updated Harvest Specification Projections for Splitnose Rockfish (Table 6)"")"
2023,"    Yellowmouth","N of 4010","3 (Year Based)",.45,.222,192.4,149.6872,149.6872,"Unknown","",2011,"DBSRA","Dick",,"","","",""
2023,"Slope Rockfish South","S of 4010","",,,870,701,701,"","Sum of harvest specification contributions of component stocks in the complex.",,"","",,"","","",""
2023,"    Aurora","S of 4010","1 (Year Based)",.45,.1,74.2124,66.7911,66.7911,"Non-Overfished","The portion of the coastwide stock north of 40&ordm;10&rsquo; N lat. (19%) is based on average survey biomass.&nbsp;",2013,"Full","Hamel",,"=HYPERLINK(""https://www.pcouncil.org/documents/2014/08/stock-assessment-of-aurora-rockfish-in-2013-published-december-27-2013.pdf/"",""2013 Aurora Rockfish Assessment"")","=HYPERLINK(""https://www.pcouncil.org/documents/2013/09/g-groundfish-management-september-2013.pdf/"",""SSC Report on the 2013 Aurora Rockfish Assessment"")","","=HYPERLINK(""https://www.pcouncil.org/documents/2021/08/c-8-attachment-2-harvest-specification-projections-for-select-west-coast-groundfish-stocks-in-2023-and-beyond-informed-by-the-new-sigmas-implemented-in-2020.pdf/"",""2021 Updated Harvest Specification Projections for Aurora Rockfish (Table 2)"")"
2023,"    Bank","S of 4010","3 (Year Based)",.45,.222,503.2,391.4896,391.4896,"Unknown","",2011,"DBSRA","Dick",,"","","",""
2023,"    Blackgill Rockfish","S of 4010","2 (Year Based)",.45,.159,205,172.405,172.405,"Non-Overfished","",2017,"Update","Field",,"=HYPERLINK(""https://www.pcouncil.org/documents/2018/05/stock-assessment-update-of-blackgill-rockfish-sebastes-melanostomus-in-the-conception-and-monterey-inpfc-areas-for-2017.pdf/"",""2017 Update Assessment of Blackgill Rockfish"")","=HYPERLINK(""https://www.pcouncil.org/documents/2017/06/f4a_sup_ssc_rpt_assessents_final_jun2017bb-1.pdf/"",""SSC Report on the 2017 Blackgill Rockfish Update Assessment"")","","=HYPERLINK(""https://www.pcouncil.org/documents/2019/09/agenda-item-h-5-attachment-16.pdf/"",""2019 Catch-Only Projection Update for Blackgill Rockfish"")"
2023,"    Pacific Ocean Perch","S of 4010","3 (Year Based)",.45,.222,,,,"Unknown","",,"","",,"","","",""
2023,"    Redbanded","S of 4010","3 (Year Based)",.45,.222,10.4,8.0912,8.0912,"Unknown","",2011,"DBSRA","Dick",,"","","",""
2023,"    Rougheye/Blackspotted","S of 4010","2 (Year Based)",.45,.19,4.76,3.8556,3.8556,"Non-Overfished","The coastwide OFLs are apportioned north (98%) and south (2%) based on average landings during 1985-2012.",2013,"Full","Hicks",,"=HYPERLINK(""https://www.pcouncil.org/documents/2014/01/the-status-of-rougheye-rockfish-sebastes-aleutianus-and-blackspotted-rockfish-s-melanostictus-as-a-complex-along-the-u-s-west-coast-in-2013-published-january-6-2014.pdf/"",""2013 Assessment of Rougheye and Blackspotted Rockfishes"")","=HYPERLINK(""https://www.pcouncil.org/documents/2013/09/g-groundfish-management-september-2013.pdf/"",""SSC Report on the 2013 Rougheye and Blackspotted Rockfishes Assessment"")","","=HYPERLINK(""https://www.pcouncil.org/documents/2019/09/agenda-item-h-5-supplemental-revised-attachment-24.pdf/"",""2019 Catch-Only Projection Update for Rougheye and Blackspotted Rockfishes"")"
2023,"    Sharpchin","S of 4010","2 (Year Based)",.45,.19,71.322,57.7708,57.7708,"Non-Overfished","OFLs are apportioned north and south of 40&ordm;10&rsquo; N lat. (80% N, 20% S) based on average swept area biomass estimates from the triennial survey.<br />
<a href=""https://www.pcouncil.org/documents/2015/01/data-moderate-stock-assessments-for-brown-china-copper-sharpchin-stripetail-and-yellowtail-rockfishes-and-english-and-rex-soles-in-2013-published-january-2015.pdf/"">2013 Data-moderate Assessment of Sharpchin Rockfish</a><br />
<a href=""https://www.pcouncil.org/documents/2013/06/f-groundfish-management-june-2013.pdf/"">SSC Report on the 2013 Sharpchin Rockfish Assessment</a><br />
<a href=""https://www.pcouncil.org/documents/2019/09/agenda-item-h-8-supplemental-attachment-2.pdf/"">2019 Updated Harvest Projections for Sharpchin Rockfish (Table 15)</a>",2013,"ExSSS","Cope",,"=HYPERLINK(""https://www.pcouncil.org/documents/2015/01/data-moderate-stock-assessments-for-brown-china-copper-sharpchin-stripetail-and-yellowtail-rockfishes-and-english-and-rex-soles-in-2013-published-january-2015.pdf/"",""2013 Data-moderate Assessment of Sharpchin Rockfish"")","","","=HYPERLINK(""https://www.pcouncil.org/documents/2019/09/agenda-item-h-8-supplemental-attachment-2.pdf/"",""2019 Updated Harvest Projections for Sharpchin Rockfish (Table 15)"")"
2023,"    Shortraker","S of 4010","3 (Year Based)",.45,.222,.1,.0778,.0778,"Unknown","",2011,"DBSRA","Dick",,"","","",""
2023,"    Yellowmouth","S of 4010","3 (Year Based)",.45,.222,.8,.6224,.6224,"Unknown","",2011,"DBSRA","Dick",,"","","",""